Campaign_ID,Campaign_Name,Marketing_Channel_ID,Promotion_Type_ID,Start_Date,End_Date,Budget,Target_Audience,Success_Metrics
d234d9e1-ceab-435a-9bc6-f1dbb50f0bfc,Black Friday,545a792a-2fd7-43e7-a43c-263768572217,a25cc08e-f37f-4465-b03d-931845ad281b,2/21/2023,11-09-2024,70000,Returning Customers,Lead Generation
8ae6443c-ece5-42db-a179-9efcc1ca9d03,New Year New You,9e87c524-8a08-4614-8db0-96513ed4b679,4eb910f1-0bc9-4f1d-9a75-655f5fe3e31f,10-06-2023,4/28/2024,74400,All Customers,Brand Awareness
873c56cc-f325-49ed-abbf-855e6ccf3bfb,Back to School,7fd40834-54b7-4d61-bc26-d1abe52efd20,4eb910f1-0bc9-4f1d-9a75-655f5fe3e31f,8/21/2023,12/24/2024,165000,All Customers,Lead Generation
49c90a35-ddb8-46dc-898e-12a37f7bacc9,Back to School,fec8d19b-d3ec-4b3c-aba7-0a56e76190f9,e15097fa-a9a4-4f4b-b702-08c785d4ceaa,8/23/2023,04-03-2024,200000,Returning Customers,Market Share
5ebd61d3-542f-43d5-b9d9-ebfb8d39e840,Black Friday,d5b0f8b8-7793-459e-9b4b-1537d849c318,e15097fa-a9a4-4f4b-b702-08c785d4ceaa,9/17/2024,9/24/2024,385000,All Customers,Market Share
86d38ffe-5cd4-4d5e-b509-39243f35874f,Valentine's Day,5f69ac6b-74ab-4aec-90af-c85495924f61,e15097fa-a9a4-4f4b-b702-08c785d4ceaa,6/15/2023,6/20/2024,622000,Returning Customers,Market Share
ae8de89c-a68e-4194-b370-29ea7ebc783c,Cyber Monday,9e87c524-8a08-4614-8db0-96513ed4b679,a25cc08e-f37f-4465-b03d-931845ad281b,4/29/2023,4/21/2024,335000,New Customers,Customer Satisfaction
d4078bb9-88db-4e76-a331-c3f081e0dead,Valentine's Day,7fd40834-54b7-4d61-bc26-d1abe52efd20,a25cc08e-f37f-4465-b03d-931845ad281b,4/21/2024,3/30/2024,676000,New Customers,Customer Satisfaction
506f0782-36de-469d-93b8-ddb79bf2814a,End of Season,f9925413-50d6-42de-8197-c61842db2d4c,e15097fa-a9a4-4f4b-b702-08c785d4ceaa,03-07-2024,3/17/2024,590000,Returning Customers,Customer Satisfaction
4e4b4770-b254-49b1-8e81-895245cab6f2,Monsoon Madness,f9925413-50d6-42de-8197-c61842db2d4c,c699b663-7ec5-4baa-adce-7e1abb4be456,01-09-2024,12/16/2024,880000,All Customers,Customer Retention
c33b0ca9-5fea-4172-8021-002401174a3d,Black Friday,545a792a-2fd7-43e7-a43c-263768572217,c699b663-7ec5-4baa-adce-7e1abb4be456,03-10-2023,3/18/2023,571000,Returning Customers,Customer Retention
68ca5dea-9b5c-4e16-8e3c-2bbf148cac0c,End of Season,fec8d19b-d3ec-4b3c-aba7-0a56e76190f9,a25cc08e-f37f-4465-b03d-931845ad281b,9/29/2023,12/31/2024,735000,All Customers,Customer Retention
b7b16489-8e02-4be3-9f7e-d29230d9523e,Festival Bonanza,7fd40834-54b7-4d61-bc26-d1abe52efd20,4eb910f1-0bc9-4f1d-9a75-655f5fe3e31f,7/28/2024,9/15/2024,926000,All Customers,Customer Retention
3f0a16f0-d027-4b8a-81b3-65f043bb0d92,Flash Sale,d5b0f8b8-7793-459e-9b4b-1537d849c318,4eb910f1-0bc9-4f1d-9a75-655f5fe3e31f,6/29/2023,09-01-2024,251000,All Customers,Customer Satisfaction
49a222e0-29bb-473c-a37d-30e2ecd89a78,Monsoon Madness,f9925413-50d6-42de-8197-c61842db2d4c,c699b663-7ec5-4baa-adce-7e1abb4be456,12-06-2024,03-03-2024,13500,All Customers,Market Share
fb9bf9f1-5714-4918-8955-a7bfce7d4eaa,Black Friday,5f69ac6b-74ab-4aec-90af-c85495924f61,e15097fa-a9a4-4f4b-b702-08c785d4ceaa,10-04-2024,12/22/2024,487000,Returning Customers,Brand Awareness
68c3a3a8-7ceb-4f16-9275-692e8d3ef9c8,Member Appreciation,9e87c524-8a08-4614-8db0-96513ed4b679,a25cc08e-f37f-4465-b03d-931845ad281b,02-03-2023,5/21/2024,650000,Returning Customers,Lead Generation
ef9d7c41-f5ab-466a-9662-3c7752a4f876,Member Appreciation,f9925413-50d6-42de-8197-c61842db2d4c,c699b663-7ec5-4baa-adce-7e1abb4be456,07-11-2023,2/18/2023,877000,High-Value Customers,Customer Satisfaction
25ed488b-57c1-41c2-8023-56eeb3c9ed01,Brand Launch,fec8d19b-d3ec-4b3c-aba7-0a56e76190f9,a25cc08e-f37f-4465-b03d-931845ad281b,7/30/2024,11/28/2024,50400,All Customers,Market Share
e5632c79-f519-450f-9bdb-3dae7ad9294c,End of Season,9e87c524-8a08-4614-8db0-96513ed4b679,e15097fa-a9a4-4f4b-b702-08c785d4ceaa,12-12-2024,6/25/2024,888000,New Customers,Customer Retention
