Category_ID,Category_Name,Parent_Category
7b0ece8c-bd62-498e-8804-412164533a81,Charles Howe,Kitchenware
4be080c7-3590-4899-934d-2ea270def913,Erminia Matthews,Toys
71ba9591-abed-4ba6-a757-e353728d818f,Kasie Mcneil,Electronics
d6a33650-ad07-44aa-bc9e-3b04ca7b7d91,Halley Mullen,Clothing
3fb4f2e1-9ddc-4f0b-a29d-847682087038,Gilberto Jarvis,Furniture
ddf1b7d9-922f-4842-b29d-1212d711bec7,Josphine Stokes,Toys
4be080c7-3590-4899-934d-2ea270def913,Rana Fernandez,Clothing
442b6e6f-cd3e-4a80-8244-729c03addecc,Chuck Harmon,Electronics
1af1d665-126e-4153-a9f9-b4ed2b6013a0,Young Knight,Books
1eddf7cb-9d35-42cd-8a99-65e8b7906627,Wilber Mcfadden,Toys
33ee51e7-209e-46b5-a547-4c2d6f331520,Tamie Keith,Clothing
3fb4f2e1-9ddc-4f0b-a29d-847682087038,Codi Barnes,Home Appliances
92aafc8c-57d2-4999-8028-b2de5606ee4e,Bob Graham,Electronics
288dad01-e550-4181-9781-ccc3e69ce34d,Erik Christian,Home Appliances
4be080c7-3590-4899-934d-2ea270def913,Leonila Dillon,Electronics
99e82651-b709-4dbc-8b30-b4644e8b1c46,Wilmer Brewer,Electronics
dd4a260a-6b01-4479-8def-4c63dc711cae,Franklin Ortiz,Home Appliances
d6a33650-ad07-44aa-bc9e-3b04ca7b7d91,Ai Good,Kitchenware
d6a33650-ad07-44aa-bc9e-3b04ca7b7d91,Jon Trujillo,Kitchenware
17a6c802-12e7-4b95-ab9d-c0a31b51347d,Tobias Davenport,Toys
37596879-e9e1-42fe-9f1c-4fb5f0330741,Kacie Singleton,Books
1af1d665-126e-4153-a9f9-b4ed2b6013a0,Oswaldo Dotson,Kitchenware
6155a5bf-a3d7-4599-b638-9729f010ee7b,Carolin Atkinson,Home Appliances
caced64d-2163-4f75-9fb5-15e614461e27,Jamison Rivera,Kitchenware
b6cdd44e-b3ee-414c-89d0-37d40e72bcc1,Serita O'brien,Furniture
d6a33650-ad07-44aa-bc9e-3b04ca7b7d91,Nelia Greer,Electronics
f9fb18c6-78f6-4e9d-bb9c-cf6beca5fb11,Robin Franks,Electronics
f79c5a48-2b08-4c6e-91df-0091d5a72e5f,Reed Hale,Home Appliances
ddf1b7d9-922f-4842-b29d-1212d711bec7,Clyde Sharp,Toys
ad4d6ead-36a2-4818-98bf-9ab744ff1ea4,Samuel Kerr,Home Appliances
a8debcc7-7b7a-440d-a931-8695b4cee935,Macy Knight,Electronics
3b5e4d88-18aa-48bc-bb2c-aa44480f76de,Hai Barrera,Home Appliances
7b0ece8c-bd62-498e-8804-412164533a81,Dante Kelly,Kitchenware
43c505a3-2c19-44b6-8221-82a255a999c3,Sung Miller,Toys
b177ebe9-cf95-458f-963d-8550dac48623,Hollis Chaney,Furniture
249b0f67-8380-47ff-9d1b-fb0bbe0aeb64,Jason Patton,Kitchenware
ad4d6ead-36a2-4818-98bf-9ab744ff1ea4,Rory Roach,Electronics
442b6e6f-cd3e-4a80-8244-729c03addecc,Barrett Morales,Clothing
065d829b-bf57-4c93-9caa-96d58fdbca91,Abraham Hewitt,Home Appliances
71ba9591-abed-4ba6-a757-e353728d818f,Brandon Morrow,Toys
3b5e4d88-18aa-48bc-bb2c-aa44480f76de,Rufus Hampton,Kitchenware
3fb4f2e1-9ddc-4f0b-a29d-847682087038,Melvin Cotton,Clothing
6765730c-5649-4f21-9442-b092dfd53d3e,Mitzie Keller,Books
1af1d665-126e-4153-a9f9-b4ed2b6013a0,Danyel Waters,Furniture
1af1d665-126e-4153-a9f9-b4ed2b6013a0,Dustin Bender,Furniture
17a6c802-12e7-4b95-ab9d-c0a31b51347d,Nohemi Austin,Home Appliances
7b0ece8c-bd62-498e-8804-412164533a81,Jenell Fuller,Books
4c0ea87f-eb72-4999-a87b-2b48b05a0fee,Fredda Payne,Books
c768d1f2-a3dd-4b3d-b007-5e16386b09b1,Federico Mendoza,Clothing
f9fb18c6-78f6-4e9d-bb9c-cf6beca5fb11,Lesha Fulton,Clothing
