Loyalty_Program_ID,Program_Name,Points_Earning_Rate,Points_Redeeming_Rate,Expiry_Period
46d6578f-1561-429b-8c87-e9de95cd8cd2,Genaro Robinson,6.46,65.33,2 years
b73c380b-84ee-401d-b67a-58f172456a41,Mauro Bartlett,58.53,83.19,30 days
348c4761-4204-4255-9f9b-bad0dd939099,Luther Nieves,75.9,92.9,1 year
145b2aab-e614-4af9-8553-adcc8879210f,Billy Dunlap,15.12,93.62,1 year
69b00b31-106d-40cb-9064-ac42ffb2cb14,Roscoe Brennan,10.66,41.17,180 days
664275b4-62ef-4d13-bef3-1cb9b153e9a7,Loura George,21.5,43.72,2 years
20449d8b-3c8c-45ff-a95d-fd349c418e20,Martin Calhoun,46.26,21.62,180 days
ce2f995e-3dad-4312-82f1-f7d40720513a,Lorenzo Moses,93.12,15.94,180 days
f9ed30f8-1f89-4aac-9747-1c7899cd8331,Lawana Moss,32.6,79.32,2 years
e5663875-39f4-406b-b6ad-8521d61d59da,Clark Dennis,79.22,1.72,180 days
