Marketing_Channel_ID,Channel_Name,Cost_Per_Engagement,ROI_Percentage
9e87c524-8a08-4614-8db0-96513ed4b679,Billboard,140.54,619.96
5f69ac6b-74ab-4aec-90af-c85495924f61,Digital Display,911.49,78.61
fec8d19b-d3ec-4b3c-aba7-0a56e76190f9,Email Marketing,167.71,517.58
f9925413-50d6-42de-8197-c61842db2d4c,Search Engine Marketing,306.53,116.51
545a792a-2fd7-43e7-a43c-263768572217,Television,504.19,96.18
d5b0f8b8-7793-459e-9b4b-1537d849c318,Social Media,928.76,570.97
7fd40834-54b7-4d61-bc26-d1abe52efd20,Radio,158.72,476.06
