Store_ID,Store_Name,City,State,Country,Store_Type
45f77644-8fae-438a-b0b8-8c3d23accc28,Janeth Ferguson,Gwalior,Rajasthan,India,Department Store
1db22398-f6a2-489d-87ce-c68c7cde99ba,Burt Buckner,Mumbai,Rajasthan,India,Flagship
da2299c6-d191-480d-ba7e-a736b06a66b8,Wendell Dunlap,Gwalior,West Bengal,India,Supermarket
8abeebfa-a35a-44f9-8f28-f39887bcb8a8,Moon Collins,Nashik,Uttar Pradesh,India,Supermarket
2e50a469-a9a4-43df-85b0-3580ef05b40c,Claudio Mathews,Gwalior,Karnataka,India,Franchise
6ede9028-1c9a-49f2-b2c1-2093a1e3f7c6,Terisa Travis,Lucknow,Karnataka,India,Hypermarket
188cce29-1d4b-44bc-9007-b6779c1eb696,Rufus Castillo,Gwalior,West Bengal,India,Flagship
f4061475-545b-43b6-86fa-9f01c03dbd5d,Aldo Whitfield,Noida,Uttar Pradesh,India,Online
e00a3214-f3fa-406e-b8e3-ef7f38d1936d,Nestor Anthony,Nashik,West Bengal,India,Warehouse
d50b3e8d-105a-4b18-98c1-043dbed251dd,Anton Wilkins,Kanpur,Karnataka,India,Flagship
b6f8da37-778d-43dc-84b1-6bbf578659d8,Shawnee Mccarty,Mumbai,Rajasthan,India,Warehouse
705ec770-0573-433f-9365-34f31e203936,Agustin Peterson,Mumbai,West Bengal,India,Outlet
4ea5b056-b1ef-46b0-a41b-cfebc79d99b5,Dane Roth,Lucknow,Uttar Pradesh,India,Flagship
2bac9ae7-8732-4c83-b41f-0d71e9924945,Todd Martinez,Thane,West Bengal,India,Franchise
e90ad22e-e022-4e91-8f90-ccfd013292e9,Terrance Sargent,Bengaluru,Madhya Pradesh,India,Showroom
1d7fd7ee-b232-4ff6-90c4-89e7f50eab2f,Marcelino Bentley,Kolkata,West Bengal,India,Online
1fd6a120-0632-4b1b-86fb-38f130b410b2,Kasey Gilliam,Lucknow,Uttar Pradesh,India,Hypermarket
0f0d2ae3-cd9a-44f3-a507-bfae0d66e2ac,Jenice Wheeler,Pune,Mahrastra,India,Online
cc71d9ba-52ae-460f-9882-e94c36e1ba08,Dannielle Church,Gwalior,Rajasthan,India,Franchise
43c1a5fa-ac0d-476c-988d-40b8e2f6c57c,Ward Newman,Noida,Karnataka,India,Supermarket
c54d7bdb-838e-42d1-b373-8725b70bbfb0,Virgilio Mcconnell,Lucknow,Rajasthan,India,Department Store
76b16abf-3de4-48d7-aa49-741125abfe62,Brooks Everett,Kanpur,Madhya Pradesh,India,Showroom
42f99bcc-d031-473d-a0aa-a16d1df475a8,Winford Day,Bengaluru,Rajasthan,India,Online
99f0f9f3-f75a-4d41-b14a-8abb1b23efcb,Stephen Madden,Bengaluru,Madhya Pradesh,India,Outlet
dce6ecc6-df96-4500-a3c8-e6b876a3bd6d,Phebe Woods,Thane,Mahrastra,India,Franchise
bc017d56-b0c2-47be-83a9-94206f8f8428,Wilfred Adkins,Ajmer,Rajasthan,India,Flagship
10f47ce5-fbab-4892-b5b0-5c523db12c24,Ashli Dejesus,Thane,Uttar Pradesh,India,Hypermarket
94306e31-515c-4d40-98a4-15438ee383e9,Anthony Ellis,Bengaluru,Uttar Pradesh,India,Franchise
dda9e821-0cb0-416f-9d9f-7e24ba7f4b69,Jaleesa Glenn,Thane,Karnataka,India,Hypermarket
bd2409b2-1dcc-4db4-a88c-4e5b2a4ac5d2,Gerard Hudson,Indore,Uttar Pradesh,India,Showroom
2b89ae1c-ff02-4e0b-9b2f-ddb501b511b9,Leo Gould,Mumbai,Uttar Pradesh,India,Warehouse
3462107a-7ea6-41eb-acc3-f77465b4d821,Genevie Jennings,Indore,Karnataka,India,Franchise
8d3351c0-4241-43b5-a7ad-9338a0eb8ae0,Yuk Lloyd,Gwalior,Uttar Pradesh,India,Department Store
a9d2e1be-8f58-4c0a-874c-8e6e0b013eba,Jayson Adams,Kolkata,Madhya Pradesh,India,Online
5cf29b26-8522-4771-9ae3-84a0aa3acb20,Gertrud Waters,Noida,Karnataka,India,Franchise
95d9a1cb-9852-4855-a1f9-df8405e29ecf,Jermaine Levine,Ajmer,Rajasthan,India,Outlet
e4fa8f0b-4560-4e0c-ba6d-5ca37fdece2e,Roscoe Ellis,Lucknow,Karnataka,India,Supermarket
bb32ad78-50d8-4d41-b2e0-c3d420255efb,Leonila Benson,Ajmer,Uttar Pradesh,India,Showroom
02ffe1e6-ee94-4625-b09f-fad9dca4f1ba,Keitha Brewer,Pune,Madhya Pradesh,India,Outlet
c9f6816e-c564-403d-9037-f2cb730bb61b,Stevie Sampson,Kanpur,Mahrastra,India,Outlet
6b33067c-1b91-4886-bf24-479ddafeb44f,Dong Buchanan,Kolkata,Mahrastra,India,Outlet
207dcd20-3a40-4fc6-bb38-70800751859b,Fredrick Whitehead,Mumbai,Karnataka,India,Showroom
6654a446-800e-428a-b0d5-3346fb219a80,Henriette Avila,Bengaluru,Madhya Pradesh,India,Outlet
75996cf6-f8ea-4ffb-95f8-649d42392fbf,Cyrstal Moon,Mumbai,Uttar Pradesh,India,Flagship
27d597be-7545-402f-ab5d-8dcb48cbd595,Charis Adkins,Kolkata,Rajasthan,India,Supermarket
fc8f5f20-fd9a-4a8a-b543-39feea8cdb2d,Neville Puckett,Ajmer,Uttar Pradesh,India,Supermarket
2eaf9a15-cd0d-4373-8b98-176864b60c00,Harold Cruz,Gwalior,Rajasthan,India,Online
64be8b57-caf4-4ec2-b60e-967a41e8f8aa,Kellye Roberts,Ajmer,Madhya Pradesh,India,Department Store
a7c462bd-c049-4638-a987-fa7aea11dd4b,Carylon Knox,Mumbai,Rajasthan,India,Franchise
773f671e-a3e0-49ec-9f40-b6b757e13761,Deon Gilliam,Indore,Rajasthan,India,Outlet
0d350199-a81c-4138-b543-562067c03ace,Shannon Bowen,Indore,Karnataka,India,Supermarket
6456c853-8fb5-47f5-a62d-4f57ee0912b3,Daren Francis,Indore,Mahrastra,India,Franchise
e049d9e7-8e2d-40ad-9376-885472725b5b,Indira Norton,Ajmer,Rajasthan,India,Warehouse
893d9bc8-6a84-4f60-b330-8f260594e157,Gerardo Mcdaniel,Thane,Karnataka,India,Hypermarket
d3828b09-56ba-4505-983d-34e593a9e817,Demetrius Jordan,Kolkata,Uttar Pradesh,India,Flagship
e533a68d-a4f2-45b0-8721-1f4c4a48be62,Lorenzo Gilbert,Kolkata,Madhya Pradesh,India,Hypermarket
53c2dc26-500f-4712-b51c-5dde8821cf89,Fred Dominguez,Indore,Karnataka,India,Showroom
08dc3dd8-a126-4dfc-8a3b-a2afd694defe,Nicky Owens,Pune,Mahrastra,India,Supermarket
d90a4205-fb45-4043-87f4-6d8454ecca94,Chauncey Horn,Kolkata,Uttar Pradesh,India,Supermarket
9acd5754-b2d5-4b9f-88e7-1f1e973c11b7,Emmitt Hatfield,Gwalior,Rajasthan,India,Supermarket
45817a9f-d546-4902-915a-c1ff2c60d217,Chauncey Hartman,Nashik,Madhya Pradesh,India,Flagship
0a1bce8e-2c48-43ac-9e08-d5e996023083,Angla Frye,Kolkata,Karnataka,India,Warehouse
1bbab8d4-1cc0-40a5-acc4-b501548ab989,Shakia Morales,Ajmer,Rajasthan,India,Department Store
612f28e5-4643-42a6-9651-0bc751dd7772,Benton Bond,Mumbai,West Bengal,India,Hypermarket
67592552-af7e-4505-91a5-c2da27753f04,Ozie Castaneda,Nashik,Madhya Pradesh,India,Showroom
6b958052-e973-46bd-a960-f40faad628f4,Erasmo Dunn,Mumbai,Rajasthan,India,Flagship
68eae089-1d54-4b28-aa47-fe688272c3b3,Jeanice Davis,Indore,Uttar Pradesh,India,Warehouse
0ffebf9a-577f-412e-9d1d-b88fa7f41dff,Ressie Mccarty,Nashik,Mahrastra,India,Hypermarket
ca0edcb7-deda-424c-b291-b9ea70ec4085,Gaylord Bradley,Kolkata,Karnataka,India,Showroom
7d85c381-36ac-4686-8780-e3a97e990cfe,Lowell Melton,Noida,Madhya Pradesh,India,Outlet
e2088215-2a90-4f00-a5d2-cb12ae3f30b3,Drew Vaughn,Nashik,Karnataka,India,Flagship
98b1ccdf-d4e5-43cc-baa8-d9e71935afaa,Marcus Boone,Pune,West Bengal,India,Outlet
a543c9aa-6a27-400a-8d8c-ec9d6672d7bc,Yuko Mendoza,Bengaluru,Mahrastra,India,Warehouse
c35190eb-c674-432e-87ac-32aa1981c07f,Will Drake,Noida,Mahrastra,India,Franchise
e259018b-7a99-450c-91fe-ed7d37ea31e0,Yoko Koch,Ajmer,Mahrastra,India,Outlet
54d3fbb5-62a9-4908-bf0d-4b490cf78b8c,Theron Hayden,Ajmer,Karnataka,India,Franchise
14bc5018-d725-494f-8c72-5a10962354b3,Anthony Hinton,Noida,Uttar Pradesh,India,Department Store
05ff1400-5511-4629-9bbe-c22cc6bb7f0a,Jon Rodriguez,Kolkata,Uttar Pradesh,India,Flagship
252cf76c-18f8-49cb-b549-26441f931843,Shella Baird,Gwalior,Rajasthan,India,Supermarket
18d25a85-eb4d-45ed-91da-0ab84a66226a,Alla Frank,Bengaluru,Madhya Pradesh,India,Flagship
8e70c482-494d-4eec-a6eb-57c289ae1776,Jake Conway,Kolkata,Mahrastra,India,Department Store
9dbe537c-fd74-469c-9661-bb7b89ec8e53,Bert Pena,Kanpur,Karnataka,India,Supermarket
7cfaa5d1-49f2-4c16-91bd-b074e2b9cc1e,Kit Gay,Indore,Karnataka,India,Showroom
352ce307-5508-4170-bd7f-5aab60d96cd1,Nadene Benjamin,Mumbai,West Bengal,India,Department Store
1a2fc1fb-b4a4-4004-863d-c44a447165cf,Laurice Robertson,Gwalior,Rajasthan,India,Department Store
e32229b3-b8fe-443e-a5c5-ca4b0d3c80d6,Ping Moss,Nashik,Rajasthan,India,Franchise
adf8b78a-129b-4011-b150-5b0a52de0632,Garth Patel,Kanpur,West Bengal,India,Hypermarket
0da81bd3-4f5e-4ff9-8254-d34cb6f3c45c,Yuk Robertson,Indore,Rajasthan,India,Online
da9923bd-e296-4659-9588-0bceb2428a0a,Wava Best,Pune,Rajasthan,India,Supermarket
00ceb182-df09-447e-8cdc-e7e7bbb6de3b,Sanora Mccray,Noida,Rajasthan,India,Warehouse
58c387b9-3285-48ae-a28d-1127a51d39bd,Simona Carrillo,Nashik,West Bengal,India,Flagship
f9f35cf0-f77a-4729-8bd8-83daf9bd82d3,Cris Garza,Bengaluru,Uttar Pradesh,India,Hypermarket
4d1eb764-132f-4e1a-9f40-473366c4b921,Claude Pace,Pune,Rajasthan,India,Supermarket
084cf34e-5dad-48a5-a160-87fae549be9d,Owen Conley,Nashik,Madhya Pradesh,India,Department Store
07c2b085-9f27-42df-b920-7a43f026d80a,Carolin Sawyer,Kanpur,West Bengal,India,Franchise
e7403337-0745-44d5-9844-e71b0034ec68,Carlo Pacheco,Indore,West Bengal,India,Online
38e5ef1c-79a7-488f-8a4a-03364df48696,Maira Doyle,Kanpur,Karnataka,India,Franchise
b9c848c0-b6bc-43af-b281-7451e41fd133,Florinda Mendoza,Kolkata,Madhya Pradesh,India,Supermarket
59dfddb4-5409-4555-adb6-e14d6e917c49,Chad Stanton,Gwalior,Madhya Pradesh,India,Online
824dfe30-3f7b-4ad8-a3d8-00284f0cc046,Rusty Russo,Lucknow,Uttar Pradesh,India,Department Store
b4e67c7b-5e18-4a09-82be-1a076830ce40,Mario Sears,Kanpur,Uttar Pradesh,India,Flagship
7ceeb6d1-31f7-4430-88c8-cc3e229c5812,Kenyetta Stout,Kanpur,West Bengal,India,Hypermarket
de3cc79d-715e-47b9-9ac9-6433faa65180,Emery Graham,Ajmer,Rajasthan,India,Flagship
b82d8fae-e056-41a1-be27-2c4fbd4660c1,Michael Burgess,Bengaluru,West Bengal,India,Department Store
fa520d88-8718-4955-a235-8f1f12c88a52,Brunilda Orr,Bengaluru,Karnataka,India,Hypermarket
61c91034-b53b-4c87-9a73-43befeb5ce3d,Claudio Mcknight,Bengaluru,Uttar Pradesh,India,Supermarket
1100bb84-782b-4e63-8fa9-8aaa6b130bfe,Breann Benton,Mumbai,Uttar Pradesh,India,Warehouse
de1d07d3-4bd7-46b3-8bd6-c80f90928714,Tona Haynes,Bengaluru,Karnataka,India,Hypermarket
1582fea9-c52c-40d0-9e1c-f57b2761acbf,Rolland Bean,Ajmer,Rajasthan,India,Hypermarket
a2206c8c-572b-46e0-8628-27cc6204982c,Karisa Hensley,Lucknow,Madhya Pradesh,India,Hypermarket
48e98a16-ff3c-4e43-b7fc-103da128dacb,Thurman Hoover,Gwalior,Karnataka,India,Franchise
5428850c-5bf0-4443-bd98-73278404af4a,Curtis Dunn,Noida,Karnataka,India,Hypermarket
2f141fbf-27fa-4201-9915-2b7c49622cd0,Altha Mcbride,Lucknow,Madhya Pradesh,India,Online
9f861558-2c2c-49d7-b286-8f7a8dfaf848,Lucina Santana,Gwalior,Uttar Pradesh,India,Online
9445d02d-56e9-483a-90e8-7d6714f6c5a9,Loree Woodard,Kolkata,Rajasthan,India,Flagship
33a3b214-c2e2-4b2f-88f0-f00dc6b44e06,Thomasine Silva,Noida,West Bengal,India,Franchise
07647ae0-8daf-4870-bff4-79e1ae146ec6,Shaunda Mcpherson,Ajmer,Karnataka,India,Department Store
be86261b-8050-4c8b-b574-ebeb0951208c,Blake Yang,Gwalior,Mahrastra,India,Supermarket
061c605f-7645-4c6d-895e-c38cdcc7a6f8,Kirby Dean,Mumbai,Madhya Pradesh,India,Flagship
d705aad0-829e-4036-8334-e05994400e3c,Earlean Briggs,Lucknow,West Bengal,India,Showroom
803fc944-8a34-4113-8a7e-c72e13e599cd,Garth James,Gwalior,Mahrastra,India,Online
92c6eaac-414c-4ea0-b0fa-6bc6e95026c1,Galen Reese,Nashik,Uttar Pradesh,India,Franchise
2218376f-1f38-4e16-83ce-e879115a737b,Lazaro Salas,Lucknow,Uttar Pradesh,India,Flagship
5bc9918a-9afe-4a0a-9341-a9ddd2fca114,Arla Henderson,Kanpur,Mahrastra,India,Department Store
339249d5-9433-4530-94d0-d409efb25961,Zane Lamb,Bengaluru,Uttar Pradesh,India,Warehouse
02861c47-7744-4495-9c30-3e3a562720e0,Errol David,Mumbai,Uttar Pradesh,India,Flagship
526ad475-10bf-48f8-91e7-f3f9de44f239,Leroy Harris,Thane,Karnataka,India,Franchise
a490f9ce-db0a-44ef-92d7-2b1117f6054b,Monet Craft,Kanpur,West Bengal,India,Showroom
2f927d22-2382-4cec-a79d-9d5655b92625,Refugia Randolph,Gwalior,West Bengal,India,Showroom
046a4ea2-a602-4adc-8532-e168b39a7408,Santos Peters,Noida,Rajasthan,India,Flagship
060ba251-efc4-42ba-a7e0-fb36b12883a3,Chasidy Rasmussen,Nashik,Mahrastra,India,Hypermarket
bcb77537-f7c0-4417-a6b9-be235d2dc9a1,Faustina Conway,Pune,West Bengal,India,Warehouse
29573531-2e15-4772-a72b-f05c44e923e6,Ji Walls,Kolkata,Mahrastra,India,Hypermarket
e71589d1-1d0e-4c56-b8b9-9a93eed1ccf6,Inocencia Weaver,Bengaluru,West Bengal,India,Hypermarket
f9d40db4-a255-4cae-be20-93b99f25b4c1,Andrew Watkins,Kanpur,West Bengal,India,Warehouse
d1b7fc6f-5a32-49c0-8009-a2b5998e583e,Anjelica Hatfield,Noida,West Bengal,India,Flagship
cd9bebba-a518-4970-a592-cab631f5de45,Marx Bartlett,Ajmer,Rajasthan,India,Flagship
e15f4042-76c5-4ea2-9d76-a1b7a42f9433,Andreas Golden,Thane,Madhya Pradesh,India,Hypermarket
3954d092-e210-42b6-ae71-e1bed49c837c,Leland Gentry,Mumbai,Mahrastra,India,Online
fb500fab-b9c6-4f12-a686-613a54791489,Deandrea Koch,Lucknow,Karnataka,India,Hypermarket
2fd4237b-c8b8-4b43-8ada-f91996153e89,Sherell Rich,Mumbai,Karnataka,India,Supermarket
2ab2b961-74e8-4a7a-9671-b2a4b63916e3,Eliana Case,Pune,Karnataka,India,Department Store
743c30a9-61b1-4c22-ab9e-e8981aebca8d,Matha Michael,Kolkata,West Bengal,India,Hypermarket
e3c66f6f-000e-4e34-85bb-f9822b4e77c9,Chad Fulton,Ajmer,Karnataka,India,Department Store
fc2c5ef5-b7a8-4d94-a49d-f2ded4acd917,Rudolph Carr,Indore,West Bengal,India,Department Store
2a3624a8-af9c-457e-a677-7223499dd089,Ramon Mosley,Gwalior,Karnataka,India,Flagship
7a70e907-8a14-4be0-bb92-93d036985426,Danuta England,Nashik,West Bengal,India,Hypermarket
5ed1d860-0ca3-4b34-abd2-3bbeb056e4ea,Franklyn Mckay,Bengaluru,West Bengal,India,Department Store
b0b594fb-1fc3-42b6-86e1-f838788b2dca,Ignacia Lane,Ajmer,Rajasthan,India,Online
b1257184-84f0-477b-92eb-0d5b8e4ae8a2,Davis Walter,Bengaluru,West Bengal,India,Supermarket
c62505c0-1f71-4b30-aa04-c6a0bf3343ad,Gwenda Roach,Noida,Madhya Pradesh,India,Warehouse
a57c92bb-7f16-47d1-bbed-9fe9515496be,Bennett Edwards,Pune,Madhya Pradesh,India,Warehouse
84399c71-fab0-4834-a2c1-138e80961cad,Heidy Zamora,Indore,Karnataka,India,Outlet
f867c18c-ca25-4dab-b765-8f9cac7fc560,Sumiko Hodges,Thane,West Bengal,India,Department Store
08a6d5b2-e194-4566-ab9d-7ebdd749f420,Emmitt Watts,Gwalior,Rajasthan,India,Online
23e62357-e5df-4d39-bcd0-553ea4f46315,Elke Ashley,Thane,Uttar Pradesh,India,Department Store
1d956c7f-9a2b-4ee3-a732-87fa23975a5b,Lynwood Warner,Kanpur,Mahrastra,India,Flagship
375c62ef-c9ba-41c5-a663-4b60194ef531,John Austin,Lucknow,Mahrastra,India,Showroom
4eec792f-f496-4c6a-b9fe-6ff49a9549ba,Dania Dudley,Nashik,Uttar Pradesh,India,Online
00fef3f3-03d7-4954-ad68-152d38ccf871,Clyde Lindsey,Mumbai,Mahrastra,India,Hypermarket
494883e6-36f2-48b5-894f-ab61d59f2c2a,Andrew Garrett,Pune,West Bengal,India,Outlet
c2605bfe-4f2f-4aad-8675-e32e23075e9b,Mark Bowman,Nashik,Madhya Pradesh,India,Flagship
37dede83-002c-43ca-b4d8-9c7cba53978b,Clemente Burch,Ajmer,West Bengal,India,Online
fbac4271-9c59-4850-8325-ea10d79d8683,Mitchell Vasquez,Ajmer,Madhya Pradesh,India,Flagship
33f8efe5-14ca-4e7d-9c7f-5de76c4316a2,Irvin Whitney,Thane,West Bengal,India,Supermarket
869d894e-275b-44da-a873-82717837f8d2,Yoko Ratliff,Lucknow,Karnataka,India,Showroom
3f5e6f27-6093-4c9a-97ab-37de66140872,Lajuana Joseph,Gwalior,Rajasthan,India,Flagship
e174871b-3265-4618-89db-f85a93d7dd8f,Arthur Cervantes,Thane,Madhya Pradesh,India,Warehouse
b0d9c020-6c6f-408d-9201-7e59fae723ae,Chong Hunt,Mumbai,Uttar Pradesh,India,Department Store
3ce89633-1da3-4029-879e-e06f225df9fe,Alphonso Gallegos,Kolkata,Uttar Pradesh,India,Warehouse
753b53f5-eecd-4d31-b6ac-6647f8b53920,Gilberte Everett,Kolkata,Karnataka,India,Department Store
b7a675bc-631a-43e2-9072-f1000c022e52,Dalila Morton,Kolkata,Uttar Pradesh,India,Showroom
4fb1c98f-1399-464d-98f2-add604077f04,Shawanda Martinez,Bengaluru,West Bengal,India,Hypermarket
0a7fcb74-e0ef-408b-95a0-a961f0086865,Terence Delaney,Kanpur,Madhya Pradesh,India,Hypermarket
345e47b6-9af1-40f8-8693-0ac7e735ad97,Leigh Moore,Kanpur,Mahrastra,India,Supermarket
64a7221b-4d80-4b95-9ed0-de098a66fac1,Whitney Medina,Nashik,Madhya Pradesh,India,Online
22fff57b-69fe-43b3-87ee-aff9692836e1,Cory Lindsay,Pune,Karnataka,India,Franchise
2722a6b0-a7a2-4533-989a-f16fe26f62c4,Brigid Barrett,Pune,Madhya Pradesh,India,Online
37c3c90a-3889-40cc-a77d-b01fb6c14632,Isadora Pate,Noida,Madhya Pradesh,India,Flagship
933b7908-4230-4dbc-90f5-824ea726a4d6,Brain Rios,Noida,Uttar Pradesh,India,Flagship
4af32481-67aa-46ff-8fd7-8939da012f07,Austin House,Nashik,Uttar Pradesh,India,Department Store
97c01177-9529-4d20-8d5b-f8868ff89b28,Robt Cannon,Lucknow,Karnataka,India,Hypermarket
e9c42e53-e8d6-4e20-9837-179a9dcdd6a0,Elizabeth Mccall,Bengaluru,Uttar Pradesh,India,Warehouse
46c63b5b-9f88-4a8d-84e0-57978e01a7eb,Quiana Watts,Bengaluru,Karnataka,India,Department Store
9439964e-fe02-4f97-a521-c97f48430705,Francis Meyers,Indore,West Bengal,India,Warehouse
1f349ce1-b4a3-491c-bc9f-cf83761db101,Benny Reid,Kolkata,Rajasthan,India,Department Store
09999df9-79ce-4d5e-8cfe-48bc1dd6b475,Spring Parrish,Gwalior,Mahrastra,India,Franchise
31dd5db6-efeb-4fd1-ae53-9876f10206d1,Angelyn Robertson,Bengaluru,West Bengal,India,Department Store
b00c8874-b560-4dc7-a829-5ccc64420d2b,Tatum Jacobs,Pune,West Bengal,India,Outlet
e8424d29-1dfd-4d3e-938f-dd62d1ffc8c9,Calvin Perkins,Gwalior,Madhya Pradesh,India,Hypermarket
7471c4c7-a2f0-473f-a203-97dee0b87ea8,Isiah Bond,Thane,Uttar Pradesh,India,Department Store
11e855e1-dd22-471c-a921-11133507eb30,Tamiko Sampson,Ajmer,Madhya Pradesh,India,Showroom
cf5bae85-b7cc-4f34-86b0-e80310f23abb,Lavone Terrell,Lucknow,Karnataka,India,Outlet
df31cc12-c7f0-4a7f-87d4-1c1c94e27a85,Dwight Walters,Pune,Karnataka,India,Online
ba97adc4-0086-47bd-9238-90c38d923bf2,Arthur Callahan,Noida,Rajasthan,India,Warehouse
20af4010-1d1c-44c8-ac88-d830bdd11ae1,Waylon Moore,Kanpur,Mahrastra,India,Flagship
19a58ada-1bf3-4985-935e-b97011eb524c,Jimmy Whitaker,Thane,Uttar Pradesh,India,Hypermarket
700a1c22-57b5-4480-81e6-74a8ff3fdb3c,Dong Livingston,Ajmer,West Bengal,India,Outlet
e65f38a6-7978-4ad3-978d-6282e9f0e063,Gregg Hays,Noida,West Bengal,India,Online
6f6e2847-d854-4e25-a9a8-bb4eaf00f535,Devona Huffman,Indore,West Bengal,India,Showroom
17851d32-903d-4ca2-a0e2-d769ee77b317,Rikki Beasley,Lucknow,Uttar Pradesh,India,Showroom
43f601cf-ac15-4ada-aa52-b97220683b22,Ria Goff,Pune,Uttar Pradesh,India,Showroom
e2fab82e-f053-4b3c-a8d8-38b0109f615c,Keeley Paul,Kanpur,Rajasthan,India,Flagship
d94bf058-29c7-41dd-83aa-58d5b2ad3ab8,Isreal Dalton,Kolkata,Madhya Pradesh,India,Warehouse
0bc6b45a-a75e-4d4a-9c2f-b0faaf609e94,Marinda Gallagher,Noida,Rajasthan,India,Franchise
7b37535f-72c2-4c12-94e5-54517b92fa94,Vinnie Haynes,Bengaluru,West Bengal,India,Warehouse
92a94a65-c37f-4531-8dd6-a96549b8de9a,Jamika Phelps,Ajmer,Karnataka,India,Showroom
a74c89c0-38ae-43fb-b784-42253cb9bd36,Chere Mays,Lucknow,Madhya Pradesh,India,Supermarket
018ae080-d0eb-4df8-90ee-e14ba8525a1d,Vernetta Campbell,Mumbai,Madhya Pradesh,India,Online
e71de28b-093b-4c2d-a3c3-28860b27e2ba,Lino Herrera,Kanpur,Mahrastra,India,Showroom
acca4f6c-40a7-4721-a1df-4a3ae3a069ce,Noble Simon,Nashik,Rajasthan,India,Flagship
b7c9a821-7f74-4f62-a7fe-40aec58bf261,Naida Valentine,Mumbai,Rajasthan,India,Department Store
7be7cf23-2ff5-45da-848a-e52c179872ef,Lizeth Hines,Indore,Uttar Pradesh,India,Online
d0274fac-18ea-4aa0-812f-db4a0b5f3eb6,Dan Howard,Pune,Madhya Pradesh,India,Supermarket
9f6fbdff-537e-49b5-bd76-0967d8c26ecb,Jamey Mcgee,Lucknow,Mahrastra,India,Hypermarket
545358a4-4ac8-4439-94fd-53a5e353d85c,My Simmons,Gwalior,West Bengal,India,Warehouse
e3971da1-f40e-4e61-bd02-026dde3b9bed,Yuki Caldwell,Indore,Uttar Pradesh,India,Online
91e6e588-8db9-4f5e-9a63-ee47278b09ec,Dierdre James,Ajmer,Mahrastra,India,Hypermarket
549db059-25e6-4aaa-a353-ec37614ee417,Neville Acevedo,Indore,West Bengal,India,Online
a9101419-4ad5-4dd8-ae9b-3045e066b0d4,Joane Stafford,Indore,Madhya Pradesh,India,Warehouse
ff7d87a7-ec2e-4cde-b493-d311bc19d23c,Cassondra Bowers,Kanpur,Rajasthan,India,Supermarket
dfd16320-8ba8-46ba-906b-8c510b649af7,Jaquelyn Cain,Ajmer,Uttar Pradesh,India,Department Store
a27e98a3-db3c-4c60-b766-7b4abf2bd0dc,Milford Austin,Noida,West Bengal,India,Department Store
b2c1c942-6ef7-457f-a873-f2e186764b79,Lindsay Gallagher,Kanpur,Karnataka,India,Outlet
30489ff7-ab55-4d10-903a-f735ed4ff149,Forest Carr,Bengaluru,Rajasthan,India,Showroom
bf987b4b-8b55-4f3d-abbf-b8816562c896,So Dawson,Gwalior,Karnataka,India,Hypermarket
b5526510-9057-43c1-87a4-fbfe05000ac8,Marcus Pena,Thane,Karnataka,India,Showroom
de66c939-5dcd-4b4e-9f25-6523d90f27d3,Arnoldo Morgan,Ajmer,Rajasthan,India,Online
adfdba88-f806-41bc-9895-a357c8c67e4d,Sheridan Sparks,Nashik,Madhya Pradesh,India,Hypermarket
38f1e0fe-5f6e-4229-bd2f-8025cf86353f,Taina Woods,Nashik,Madhya Pradesh,India,Showroom
8e001fd1-cf48-4956-87fa-28a16ad75795,Jonah Vaughan,Thane,Madhya Pradesh,India,Online
702fbf5a-f092-4d5d-9e47-97ab59d9be89,Dorsey Ryan,Kolkata,Karnataka,India,Supermarket
0c325ec8-2004-4750-92d4-dba4a24aa376,Joesph Bowen,Thane,Mahrastra,India,Flagship
ec1b6fe8-cead-4fc2-9b47-866716196455,Tony Rhodes,Kolkata,Karnataka,India,Supermarket
e55bb960-b3a9-44fb-b2d0-16818babd316,Shawnta Sears,Ajmer,West Bengal,India,Warehouse
5b130d83-8fb7-4dc6-874d-e512d214b957,Hyman Cain,Noida,West Bengal,India,Flagship
7ed19f12-fd98-4fa6-b52a-df70a9a224ef,Nguyet Pierce,Ajmer,Rajasthan,India,Flagship
c1c5e79f-ad67-4801-a5a0-cad337f2a57c,Deane Hays,Noida,Uttar Pradesh,India,Outlet
2ae581cb-c46b-430d-811a-6f3e1e026802,Bruce Carlson,Bengaluru,Mahrastra,India,Flagship
ccc76493-5c49-4bce-9129-2c38f39050ab,Dorsey Gray,Nashik,West Bengal,India,Department Store
1806dfe8-325e-46f1-add1-a2d0a9ef2da5,Rema Jefferson,Noida,Uttar Pradesh,India,Flagship
69c40da0-68da-4c22-babe-8791e8497c3a,Merrill Craft,Noida,West Bengal,India,Online
9762cde0-9bf9-416c-b173-1ef9254f842b,Madison Walls,Lucknow,Rajasthan,India,Online
c1902a74-0d56-4923-b47e-c708882a8294,Lavern Irwin,Noida,West Bengal,India,Supermarket
1680803e-85de-438e-a281-ad954eef51b6,Shira Fuller,Kanpur,Uttar Pradesh,India,Flagship
1e6ccf91-66ff-4f12-ad9d-2acdf3c286d3,Caleb Waller,Nashik,Mahrastra,India,Hypermarket
771a1bfc-eea8-4cb1-a7f3-1d9fb1739245,Joya Cole,Ajmer,Karnataka,India,Supermarket
fe8f5fa1-a2d1-4175-9803-3cfcc720c408,Samuel Lindsay,Noida,Mahrastra,India,Department Store
05988da1-2213-456d-91e7-64aab036d706,Robbie Mccarty,Noida,Karnataka,India,Department Store
abb93c17-b7a4-4ebb-a126-fda3bd0a9454,Lucas Small,Kanpur,Mahrastra,India,Franchise
f3b92157-183f-4879-b0a5-51be7e9ea4e0,Kendrick House,Noida,Karnataka,India,Online
d3d9711d-bae3-4a48-8088-ee9296e5015c,Julietta Bartlett,Lucknow,Uttar Pradesh,India,Showroom
8aa2c1b6-092f-4563-80fb-aa10feac7e5a,Luetta Bruce,Lucknow,Madhya Pradesh,India,Hypermarket
084e53a8-1826-4efc-85b8-79237794640d,Wayne Wooten,Noida,Mahrastra,India,Outlet
a33f7790-fb3a-4363-aabe-748eb9fbc8c7,Landon Ellison,Ajmer,Uttar Pradesh,India,Warehouse
83e44e19-7e2f-4421-a3c4-156181e97eee,Blondell Cantu,Pune,Rajasthan,India,Showroom
3d8bcdf2-152b-48a4-a593-c520c7a97c09,Jonell Torres,Ajmer,Uttar Pradesh,India,Supermarket
317ada8b-3d5a-409a-9bdd-bf2c0d97e07f,Hilde Stuart,Mumbai,West Bengal,India,Showroom
bb8eae7f-9ed2-49b9-801b-06d82a8ba1eb,Jarrod Preston,Nashik,Karnataka,India,Hypermarket
02b2bcc0-0e9e-4509-9e75-37cb8807d400,Hiram Reed,Nashik,West Bengal,India,Online
6c40c831-e9f2-4fb0-9b1d-142b768549f3,Ludie Solomon,Bengaluru,Mahrastra,India,Supermarket
ad276cb8-281a-4d14-ac3d-dd4a69377ccf,Barrie Cash,Ajmer,Mahrastra,India,Warehouse
68343d2b-89b7-4d75-a823-2152582c38ce,Emelina Wilson,Kolkata,Karnataka,India,Online
461751d2-411a-41f9-948d-3c975594994d,Andre Bradley,Kanpur,Uttar Pradesh,India,Supermarket
243c47b9-1ccf-41ef-8fe7-5646ce725574,Contessa Charles,Nashik,West Bengal,India,Online
a11d1c53-2722-4127-bca1-48829e55a484,Gene Weber,Thane,Karnataka,India,Warehouse
0897e883-c630-4cff-beb9-accb9312aec2,Elease Dudley,Kolkata,Madhya Pradesh,India,Outlet
57fa7569-69dd-4db4-bf57-0e61d2c32395,Theola Patterson,Ajmer,Mahrastra,India,Franchise
462182b0-6461-436f-a112-a9889e1b159f,Darell Rosario,Mumbai,Mahrastra,India,Warehouse
286439b2-892f-423a-af96-64c251ad5af2,Kanesha Todd,Noida,Mahrastra,India,Warehouse
4314b7f5-4976-446e-b8d9-f84c14ba8520,Andreas Le,Thane,Uttar Pradesh,India,Showroom
962b75e5-6ca7-4635-a910-bafecbbeb5fb,Benjamin Gamble,Kolkata,Rajasthan,India,Online
9557268f-1985-49a1-b531-32f61f616d3d,Numbers Sutton,Bengaluru,Rajasthan,India,Department Store
ca7ced6a-e983-4919-a27c-e33ae5bc7a05,Maurice Miles,Bengaluru,Mahrastra,India,Hypermarket
dab3ca3f-b083-4db2-8e16-580d4984f5c6,Waldo Britt,Bengaluru,Madhya Pradesh,India,Online
d21d5dfd-4b68-49a3-b56b-758f956fa3e7,Foster Fitzpatrick,Nashik,Madhya Pradesh,India,Supermarket
99650064-5643-4065-bbd9-beb4caefe3bd,Britt Goodman,Indore,Rajasthan,India,Warehouse
62d22af6-290b-42e5-a35c-f57b21b47c66,Pierre Watson,Kanpur,Uttar Pradesh,India,Showroom
0e382d94-4363-4ff9-8b62-e12137292327,Jacquiline Soto,Lucknow,Madhya Pradesh,India,Flagship
336540f3-0fc8-409c-a009-17695b91a94b,Dirk Campos,Nashik,Rajasthan,India,Franchise
b685fe84-e6b0-449b-b01f-021ec882cbfd,Abel Rosales,Ajmer,Karnataka,India,Flagship
62a958b3-3677-48b7-a596-b16b31e19102,Ceola Strong,Kanpur,Madhya Pradesh,India,Flagship
9859d87e-b4c2-418b-b1ca-ac48ff7bdaf1,Ernest Moody,Kolkata,Madhya Pradesh,India,Online
28877603-aaab-46d7-911d-bd399f1d98cb,Sharilyn Chandler,Lucknow,Mahrastra,India,Warehouse
5a880680-3844-4a3f-8096-af00c0a7893a,Bobette Garrett,Bengaluru,Madhya Pradesh,India,Outlet
e3fac7b9-3bcd-4aac-aab7-5f07f9f3cd9b,Myrle Salazar,Indore,Rajasthan,India,Supermarket
d9b8df4a-de09-447b-a843-853093390b2f,Monte Richards,Gwalior,Madhya Pradesh,India,Showroom
895b9957-862d-4e56-803b-9016bec6566e,Milford Heath,Pune,Uttar Pradesh,India,Hypermarket
189ad845-f5c0-48aa-ab9b-9280684e9229,Olin Randolph,Indore,Karnataka,India,Online
b131aba0-6dfb-4cbe-b591-d9f11b9fe55b,Justin Lawrence,Lucknow,Madhya Pradesh,India,Franchise
6dd62ac9-6bb8-4319-9788-e5deeba95aad,Dimple Underwood,Kolkata,Karnataka,India,Online
5cbe98ce-991e-40d2-bfa5-aa70d2ea60f9,Courtney Stafford,Mumbai,Mahrastra,India,Department Store
0018b597-53b8-4c4b-99be-c5974097a161,Trudi Trujillo,Gwalior,West Bengal,India,Warehouse
2327c675-083d-4b74-a497-8e1333f7d59d,Luetta Lynch,Noida,West Bengal,India,Showroom
553ddf61-4a5c-45b5-8b51-98eabb7da619,Holley Le,Indore,Uttar Pradesh,India,Online
39709c6c-999d-4563-bcc5-e2c21c1bea8b,Maurice Witt,Gwalior,Mahrastra,India,Department Store
beeb74a5-3f4d-4d06-b908-dae9a1d2717e,Gabriele Smith,Bengaluru,Karnataka,India,Supermarket
8f413d6b-0eb3-4ed9-8ed8-7a08cd293c16,Galen Lowery,Bengaluru,Karnataka,India,Showroom
275d3abd-a872-4c4e-bdae-4402dcf9503e,Maple Allison,Noida,Mahrastra,India,Showroom
24ab40ad-569f-4b0c-a2d7-84df92cbdc2c,Kennith Ross,Noida,Mahrastra,India,Franchise
1275ffce-bd74-4c5e-96ee-f00f3531ce84,Domenic Hogan,Gwalior,Karnataka,India,Showroom
0ad3b6fb-4d18-4bbf-9bc4-0000652e129f,Samuel Acosta,Kolkata,Uttar Pradesh,India,Showroom
ec9c7d87-cf74-481c-b32b-0e32bf751188,Julio Schroeder,Pune,Uttar Pradesh,India,Online
640f0f31-6cb9-41a8-864e-df4bc8953853,Tommie Best,Kolkata,Karnataka,India,Showroom
a2f354e9-5341-463d-8fbc-6d5f96e21e41,Lemuel Holt,Ajmer,Karnataka,India,Flagship
b676015c-d66e-41f4-ba8c-a33abdcb6b76,Marc Gallagher,Pune,Karnataka,India,Hypermarket
d49fe796-c181-4d41-a595-0b66acd74173,Rich Baldwin,Pune,West Bengal,India,Showroom
af24a46d-744d-485e-a017-2e0827de5b3e,Norris Potts,Pune,Uttar Pradesh,India,Flagship
0397353d-eaa5-4113-bea2-60dc0dd446fa,Macy Nichols,Kolkata,Rajasthan,India,Flagship
e773223e-0898-4c71-9130-f7d3956d7d85,Antwan Moore,Kolkata,Rajasthan,India,Supermarket
57cc4336-0f01-43df-9a8c-ea2dc0d224f2,Jack Robinson,Kolkata,West Bengal,India,Franchise
08917abe-29eb-4ce8-9449-6dec80a27a42,Catrice Lawson,Ajmer,Karnataka,India,Outlet
89c619c6-07bf-4fef-85cc-265dc6265980,Norbert Wooten,Noida,Rajasthan,India,Supermarket
36fc7e03-b339-462a-8528-364ebc80a498,Myung Larsen,Kanpur,Madhya Pradesh,India,Hypermarket
6c964d34-3198-4d02-8676-96bb37390807,Isaiah Tucker,Pune,Mahrastra,India,Flagship
e3303033-f44d-451e-853f-b6998986c3f1,Nestor Travis,Nashik,Rajasthan,India,Warehouse
1190ee74-8052-43b6-904c-c605fa485af5,Blair Clemons,Bengaluru,Uttar Pradesh,India,Online
b5433d64-11d0-4568-bfeb-23dc30bbf33c,Pasty Cotton,Lucknow,West Bengal,India,Warehouse
e86c3233-f6c8-4e41-ab40-5c506977d3fb,Collene Lindsey,Kolkata,West Bengal,India,Showroom
bf18b661-2e9a-45d6-88fc-0e19383b351a,Allegra Talley,Indore,Karnataka,India,Supermarket
ca5bc7ff-d5b8-4c0b-940e-3c6bd61b05e2,Brent Thornton,Gwalior,Uttar Pradesh,India,Department Store
4e078922-cf26-4795-9121-c2f748db4783,Raymundo Harvey,Kanpur,Karnataka,India,Department Store
90384895-ded5-4527-b2d8-2ecfe036c9b2,Mitch Pitts,Gwalior,Madhya Pradesh,India,Warehouse
ffe109ce-0eec-44af-957c-ec232cf5646f,Austin Hurley,Pune,West Bengal,India,Franchise
59f5cabf-e6ca-4c9d-9613-73c16864f661,Pablo Vang,Nashik,Karnataka,India,Outlet
7704ef68-a7b2-4809-bc92-2169de34e099,Evan Carr,Kolkata,Rajasthan,India,Supermarket
1756090d-c8bb-4e90-a238-26e282262f3a,Wanetta Sanders,Bengaluru,Uttar Pradesh,India,Showroom
e88ed5ca-bf5c-42c8-9b6a-38a90b72d250,Alfred Ward,Lucknow,Madhya Pradesh,India,Department Store
94cfd94d-4703-4322-a833-a9faf1257ac0,Virgilio Nichols,Kanpur,Rajasthan,India,Online
3b02df75-5c40-4446-a296-694a03943f55,Walton Nelson,Gwalior,Madhya Pradesh,India,Supermarket
62c33c18-1c4d-42ee-931c-169bd597b42c,Shaunda Castillo,Mumbai,Uttar Pradesh,India,Franchise
91719cc5-0408-4423-a657-2583c5f1d0c7,Miquel Harding,Thane,Rajasthan,India,Department Store
9e3b5de2-ea87-45d0-9da6-1a952a17b980,Nery Bruce,Mumbai,Mahrastra,India,Franchise
99e012e3-9280-4c09-be9a-d393d1f9d58c,Kieth Mueller,Indore,West Bengal,India,Flagship
9075753e-4763-4cfa-89e7-b3dd867a7c3f,Xiao Ryan,Gwalior,West Bengal,India,Warehouse
b8a52f87-884f-44a6-a0f1-85aaf46c3ebc,Raymond Dominguez,Nashik,Karnataka,India,Department Store
5c76781f-0a2d-4fb0-b55b-23e920fcd071,Maryalice Davidson,Pune,Mahrastra,India,Hypermarket
80f19315-8894-4073-a471-6a86fe5629be,Quentin Hammond,Lucknow,West Bengal,India,Outlet
44d76b89-34b8-438a-aac2-0190efcd1ca6,Franchesca James,Mumbai,Mahrastra,India,Hypermarket
aadaa523-9f3b-4ea4-9e63-d34dc36e37a2,Abel Barnett,Indore,Uttar Pradesh,India,Department Store
998f9b43-73d4-46e0-a3c1-ad7c242d696a,Royce Williams,Bengaluru,Uttar Pradesh,India,Department Store
4a25b40e-7ac0-42e6-b2b4-ac928843e8ba,Bradley Waters,Bengaluru,Madhya Pradesh,India,Hypermarket
62589857-1b30-43aa-ac8b-214c60ca6420,Zachary Eaton,Noida,Mahrastra,India,Department Store
c2d91129-11f4-4d09-b937-faf3c3fbbd4a,Violette Taylor,Bengaluru,Uttar Pradesh,India,Flagship
370380d3-f1b7-4e0a-9cd6-1692204c99ae,Marcene Sutton,Kolkata,Karnataka,India,Department Store
80c80eb6-1d88-46e3-9bfd-b10ba5c541e4,Roman Barker,Bengaluru,Rajasthan,India,Hypermarket
53e0978a-554e-4e31-a227-79def4a819b5,Muoi Battle,Nashik,Madhya Pradesh,India,Department Store
b634c235-e945-4b65-8674-3bfc455b3a77,Suk Weiss,Indore,Rajasthan,India,Outlet
3cac4877-c3c3-4a9f-a4cd-e944945c3ffe,Charise Maldonado,Ajmer,Mahrastra,India,Franchise
22215fd6-cce3-4af9-8de0-6bb04df0ee92,Jacques Rivas,Gwalior,Mahrastra,India,Online
944813c2-e592-4c32-a6dd-a35371193670,Jeni Burke,Kolkata,Mahrastra,India,Department Store
b9a8a674-892e-431c-afbe-fc005f1b3327,Cristie Duncan,Mumbai,Mahrastra,India,Supermarket
73c5dc32-0058-4fd0-91e6-5b6c979d9bf0,Ema Downs,Indore,Rajasthan,India,Outlet
7b43f682-6715-4882-a159-6cac358495c4,Sung Blair,Bengaluru,Mahrastra,India,Outlet
df20c4d4-e45d-4753-afa1-1ac3113b1432,Lakita Dalton,Kolkata,Karnataka,India,Hypermarket
46328f3a-0846-4590-b75e-ab837a072bdf,Otelia Brennan,Mumbai,Madhya Pradesh,India,Flagship
77699cf6-5b5d-4119-b27a-5145b1c02446,Seth Parks,Nashik,Karnataka,India,Hypermarket
17e56a3f-1093-42e0-baad-1e38a1a26fb8,Kallie Dunlap,Gwalior,Karnataka,India,Showroom
cf6621da-1462-4409-a714-e7ea64d2c87d,Cordia Gillespie,Thane,Rajasthan,India,Department Store
d8e06458-2a75-4243-a876-1ed98694930f,Alline Aguilar,Kolkata,West Bengal,India,Outlet
fd62b720-bcdb-427c-a872-f86c1225b957,Mitchell Mcconnell,Noida,Mahrastra,India,Online
5023292a-28de-4d0c-ae87-1380cc545840,Eliseo Ross,Kanpur,Karnataka,India,Department Store
4864da1d-f430-4f00-8fd2-af88d764e034,Phil Kirk,Noida,Madhya Pradesh,India,Online
364555b0-5e69-4b3f-81f1-6091246c7e4b,Frederic Mcbride,Kanpur,Rajasthan,India,Online
2532535e-fdd5-44c0-a683-2bc16f0c2562,Houston Cabrera,Thane,Madhya Pradesh,India,Warehouse
adaad8bb-f5cb-4cd1-8191-cd85ebb12d05,Lynelle Cannon,Indore,Mahrastra,India,Warehouse
12012343-1d13-44fe-ad8e-9551de6c1b83,Wiley Lawrence,Thane,Rajasthan,India,Warehouse
4867a85e-2fa8-468a-9b61-983611e80a2c,Penni Kelly,Lucknow,Madhya Pradesh,India,Warehouse
b136d28a-b3ea-4f1b-8d4b-d3a155fb3ce1,Jon Schmidt,Thane,Rajasthan,India,Showroom
a23a1d7c-bdda-459b-8b8d-907adf7ba043,Laurine Gray,Bengaluru,Mahrastra,India,Hypermarket
fb41405c-bf04-4536-97d4-d66001ce35bf,Refugio Reid,Kanpur,Karnataka,India,Department Store
4687133d-3870-42ff-b24f-35280dabb672,Onita Hess,Thane,Mahrastra,India,Supermarket
826cc7f6-6625-4a30-99cb-fc013da22f18,Sol Hawkins,Gwalior,Mahrastra,India,Supermarket
65171144-fc7d-42ae-a0ef-375b66f199ed,Bill Wilder,Gwalior,West Bengal,India,Department Store
1cf8b4e7-d471-47bb-9549-bd163919e88f,Joselyn Greer,Kolkata,Mahrastra,India,Department Store
17a862c0-1402-48f6-b4f1-22b9c7186f75,Mitsue Mccoy,Noida,West Bengal,India,Outlet
f2e02846-e6a2-4048-a417-9377e8fcc679,Joaquin Daniels,Pune,West Bengal,India,Flagship
23154f78-a061-413f-9b4c-76d51312c59f,Calista Hubbard,Thane,West Bengal,India,Supermarket
e7da9e82-25d5-4a12-a99f-2605d51b5df8,Teodora Glass,Kolkata,Madhya Pradesh,India,Warehouse
b9bbf480-8517-4da3-82d2-8a785d63c849,Deshawn Tyson,Lucknow,West Bengal,India,Warehouse
4853ba76-70da-4359-8b7f-785e95c366cf,Wai Hammond,Mumbai,Karnataka,India,Online
296ea56d-d06c-4bf4-ae2e-25fea03fbdc9,Isa Lee,Kolkata,Madhya Pradesh,India,Showroom
fdf33fc9-a71c-40fc-8b13-47d4bac2d4ba,Christian Chavez,Bengaluru,Rajasthan,India,Department Store
f8fd43e3-9443-4bab-9264-2b55c85d13bb,Elwanda Pena,Bengaluru,Madhya Pradesh,India,Flagship
a882ff4a-7361-497f-ab5a-f2bdb04cdb63,Darnell Chandler,Kanpur,Rajasthan,India,Outlet
e9a8c997-7ca1-42da-aaf1-4bbe928a21a4,Mitchell Lancaster,Gwalior,West Bengal,India,Department Store
7830dc52-cd91-4b50-9028-13f43681662a,Roosevelt Franklin,Lucknow,Madhya Pradesh,India,Flagship
d724a431-1c9d-4d6a-93d6-30b7ff176d60,Martin Mullins,Ajmer,Rajasthan,India,Hypermarket
197dac0e-fa73-452b-84f3-b8841dbf92a8,Anton Sexton,Gwalior,Karnataka,India,Online
719e7d63-caea-482f-812a-9057361b04b9,Carli Gross,Noida,West Bengal,India,Flagship
47d6e388-1179-4c50-a4ba-2bb91b8d5f61,Joshua Haney,Kanpur,West Bengal,India,Franchise
89116151-e274-42f8-8250-9729351d27d0,Isaac Raymond,Mumbai,Uttar Pradesh,India,Showroom
fccfe4e6-ab64-4976-bacb-909dd65c2bd2,Coleman Day,Ajmer,Madhya Pradesh,India,Hypermarket
b0755b1a-9b8b-4341-a1c6-ff975041e25a,Arminda Stevens,Ajmer,Uttar Pradesh,India,Supermarket
5361b9cd-9785-4763-a5e8-5139dfaba22a,Damon Valenzuela,Nashik,Mahrastra,India,Department Store
09b3c040-9623-4206-b5ad-2d80e6d7abe9,Abram Pacheco,Mumbai,Rajasthan,India,Flagship
5a727463-0ede-4251-896d-84498defed81,Janett Walsh,Kanpur,West Bengal,India,Hypermarket
de15694a-5653-4478-894f-a3c9e66d8983,Reynaldo Puckett,Kanpur,Karnataka,India,Outlet
4ca7c4db-7609-4539-a01f-c27f8e00db55,Eugene Rios,Pune,Karnataka,India,Franchise
15d5c89e-5461-43cd-8075-472f001713ed,Stacy Weiss,Gwalior,Mahrastra,India,Outlet
68c6a24d-b48b-4f6c-bb5e-fc9c187924f3,Israel Love,Nashik,Karnataka,India,Hypermarket
e49e56eb-3e14-47da-ae4a-917b892b229c,Alfredia Wolf,Pune,Karnataka,India,Supermarket
b04d6037-9174-4102-824b-de372b8404ae,Katrice Meyers,Indore,Rajasthan,India,Supermarket
6876c535-0170-4fa0-806f-cbad1502eb18,Lorriane Middleton,Pune,Rajasthan,India,Warehouse
be6fe3b8-e0d2-4a49-98a9-6e6a5176b8b2,Homer O'connor,Nashik,West Bengal,India,Hypermarket
00726e7c-ffa2-4b2a-8484-9a0ea567eb38,Willetta Curtis,Noida,Madhya Pradesh,India,Showroom
4f8fb212-c93f-429b-a798-27de01820da5,Dylan Mcclain,Lucknow,Uttar Pradesh,India,Supermarket
402240ec-eca6-48c2-80d0-c55f63b8669b,Asa Moody,Gwalior,West Bengal,India,Showroom
a23fe682-1a9b-43a3-a3c9-dc8f69efb40e,Elene Johnson,Bengaluru,Uttar Pradesh,India,Outlet
03839297-623a-4ceb-b361-95ee11c5e33a,Kerry Owens,Noida,Mahrastra,India,Hypermarket
5f8c733c-6824-4d4d-9aaf-8f492d3310bd,Santana Emerson,Gwalior,Karnataka,India,Hypermarket
40715fd1-a10e-4508-94a2-f1015a732dc4,Bulah Nolan,Bengaluru,Karnataka,India,Warehouse
429a34c6-c0ac-48b3-a9df-d867c03f3aad,Lou Schultz,Lucknow,Mahrastra,India,Warehouse
15f438d3-1f0f-4f5d-8e31-d8f546f55c32,Thersa Mathis,Kanpur,Madhya Pradesh,India,Online
4a4c646b-bc96-421c-8632-aa360cbb2a4b,Shantae Singleton,Mumbai,Rajasthan,India,Franchise
fe0589fb-726f-4b70-88b4-b76c0640d6c1,Blondell Reeves,Thane,Madhya Pradesh,India,Supermarket
34a1dd4b-ac5e-4c30-b444-9764d597efff,Tora Sosa,Ajmer,Rajasthan,India,Online
164fa8df-7168-448e-993a-c0352229d808,Aleisha Marks,Kolkata,Rajasthan,India,Hypermarket
acc87c6f-54f6-410e-af9b-693fb9981601,Luke Rollins,Kolkata,Mahrastra,India,Online
d1291b48-ef9f-49d7-bd91-e20102c97bce,Terresa Tanner,Lucknow,West Bengal,India,Franchise
a470a252-bfd4-48c4-8823-3e95b468c374,Christia Soto,Kolkata,Rajasthan,India,Hypermarket
65975bae-f716-467d-a766-a61047d10d14,Leisha Le,Bengaluru,Mahrastra,India,Flagship
5e7b2bd4-314e-4821-9fc5-4d83129a3a0b,Alvin Warner,Mumbai,Uttar Pradesh,India,Online
fa34918a-cd62-4d14-9665-36f2d80d95b7,Glady Clark,Thane,Karnataka,India,Online
26653fff-dffc-46f9-8755-4297308f112e,Enda Tran,Noida,West Bengal,India,Hypermarket
ec8d2d6e-2978-48a7-9b27-d8e2f066b8d7,Eddy Summers,Bengaluru,Madhya Pradesh,India,Showroom
78e59cc7-f7b0-4c39-9b52-724f41ab2695,Casie Humphrey,Lucknow,Mahrastra,India,Supermarket
1eaf944c-bedf-4466-98b3-439f3f1de79e,Georgiann Mcdaniel,Lucknow,Karnataka,India,Hypermarket
576f5153-d0be-463a-9092-a89403f0a4f2,Kandace Brooks,Kolkata,Mahrastra,India,Online
72029fe9-da3c-4989-923b-9008f4e81285,Terrell Coffey,Thane,Uttar Pradesh,India,Hypermarket
f6588885-ba8f-48b0-b04a-aa534e9b5930,Ayanna Leach,Bengaluru,Uttar Pradesh,India,Department Store
1d71b9f7-6286-4bbd-be03-a1adb1107571,Mario Rich,Pune,Uttar Pradesh,India,Outlet
655d63ef-967c-4cd0-99a7-21d706383f52,Bruce Green,Indore,Rajasthan,India,Showroom
412b54d1-1208-4d18-9933-f31a93a5e4e6,Mistie Edwards,Gwalior,Mahrastra,India,Showroom
051ee259-f27c-4116-b898-f229a3535f52,Ronald Cooper,Bengaluru,Mahrastra,India,Supermarket
f8b5b142-0d49-4594-b2b9-5a00d535a1da,Savanna Pittman,Indore,Mahrastra,India,Online
9faa04c2-8af2-40b4-9209-a15cbf206869,Thresa Terrell,Lucknow,West Bengal,India,Showroom
188ddda9-165d-4dc4-b44a-249028c61018,Hildegarde Hickman,Kanpur,Mahrastra,India,Department Store
3ca136f2-cc21-45a5-9c2f-f55d1e3ea18f,Alishia Noel,Pune,Madhya Pradesh,India,Outlet
8dc7dd53-701c-4a7c-9c58-49ef30e20124,Jeanett Rivera,Nashik,Rajasthan,India,Supermarket
40cf7cd4-6ea6-4573-84a4-9ab4b2108151,Nery Morton,Pune,West Bengal,India,Hypermarket
6f761a8d-897f-4fa3-b1a5-98df2d151c37,Rufina Cleveland,Indore,Karnataka,India,Showroom
f79fe056-9af7-4167-9392-24cc01dc66cd,Albertine Finch,Lucknow,Madhya Pradesh,India,Online
1c8ac3b4-a9d9-465f-b8b3-3022c2ad9e8b,Waltraud Reese,Pune,Uttar Pradesh,India,Online
1d375a30-77ab-427e-9281-ed7262dd884e,Sharell Bentley,Nashik,Madhya Pradesh,India,Warehouse
feb72cd9-5100-496e-9e32-93174aaf9ddb,Nakita Goodman,Ajmer,Karnataka,India,Outlet
93dd502d-af91-47e2-bc11-c4f6ad97ed78,Erinn Hull,Mumbai,West Bengal,India,Franchise
08d4fdac-11e1-4af2-bade-21b552c7fb4f,Amiee Jennings,Bengaluru,Mahrastra,India,Showroom
01671239-a189-4342-8808-55cec6d96073,Korey Hoover,Kolkata,Madhya Pradesh,India,Warehouse
3ff35e73-7161-4d45-bf01-44b2a412d178,Monnie Stanley,Thane,Uttar Pradesh,India,Franchise
61f2bce7-d121-4611-b1b9-84071e9835ae,Luis Porter,Nashik,West Bengal,India,Supermarket
737e9b91-2af2-426d-9012-b85f64146cec,Sylvie Finch,Thane,Rajasthan,India,Franchise
e9cef45c-be63-408b-9b2d-becaddc18ab9,Jon Trujillo,Mumbai,Uttar Pradesh,India,Warehouse
e39e64b6-bf71-45b8-b986-4714f8b3279c,Elizabet Bowman,Ajmer,Rajasthan,India,Supermarket
81ab743a-1557-4760-b3f9-d4f8ef4f1943,Marlana Mckinney,Bengaluru,Uttar Pradesh,India,Flagship
d31c4f3e-0c00-4057-a332-be12aa541ca6,Emilio Banks,Lucknow,Uttar Pradesh,India,Department Store
7efd5f37-2210-4286-afa0-5693f2d0f5f0,Chery Serrano,Lucknow,Mahrastra,India,Outlet
8d1b674c-f5d7-4863-8897-28742cf3d511,Ronald Burt,Pune,Uttar Pradesh,India,Showroom
e5292f35-2c3f-4260-bf6d-97ce3f845468,Tambra Levy,Mumbai,Uttar Pradesh,India,Supermarket
7c30198c-d092-46ca-97ea-8fd6ee3d8697,Verena Woodward,Gwalior,Uttar Pradesh,India,Warehouse
6b9394ff-2a1a-4de7-9afd-f8057c507d68,Cristobal Puckett,Thane,Mahrastra,India,Department Store
f0bb0165-49f1-451e-af15-1aae55ebef56,Jose Tanner,Pune,Rajasthan,India,Online
1c501e85-dead-4e2f-9314-54979d98cc79,Taina Bush,Indore,Karnataka,India,Flagship
9c75b1d9-819f-4534-b78e-34e5c7c8fcb3,Melita Maynard,Nashik,Mahrastra,India,Franchise
c329171b-6237-4891-9879-0a34257015bd,Fe Bentley,Indore,Mahrastra,India,Online
2c9d7bc3-e369-4f9a-bd89-4c3b9ccd5add,Domingo Camacho,Noida,Madhya Pradesh,India,Outlet
1600f08d-47c4-44a1-8001-d2dc9c4d6fc5,Vivienne Williamson,Nashik,Karnataka,India,Supermarket
d26a5e2e-9c15-418e-ae31-0b4a95137ee7,Trey Estes,Bengaluru,Karnataka,India,Hypermarket
e8e7d9f8-f9f4-49f5-8ab7-74b6b56fdfb6,Kimberli Cote,Nashik,Mahrastra,India,Supermarket
2a73c6ed-29f4-4097-938c-c70c8696c21b,Jerald Maynard,Thane,Rajasthan,India,Warehouse
917de698-d21f-4480-a82d-4672aca795db,Tarah Jacobson,Kanpur,Rajasthan,India,Flagship
fb9755bb-767b-4ac8-ae6e-9840ccd35f6e,Yong Acosta,Indore,West Bengal,India,Hypermarket
e425a9dd-3bab-4f03-bdc9-d1fc5dc7305f,Francoise Howe,Kolkata,Karnataka,India,Warehouse
2a52a56a-4964-49a0-923c-d1c71ee92cb4,Jeni Knapp,Bengaluru,Karnataka,India,Flagship
5410e19f-4935-4755-b076-f2c475319caa,Claudie Hyde,Pune,Karnataka,India,Online
5b4e74fe-7a2c-4f9d-a2ea-fea2f2e07790,Shaun Sweeney,Lucknow,West Bengal,India,Department Store
7bc9c5f0-38ee-495a-859a-a0c0fde19969,Desire Rodgers,Noida,Rajasthan,India,Supermarket
2f605e61-5b60-44a7-bdcb-627ee327783b,Shenna Valdez,Nashik,Mahrastra,India,Hypermarket
6e255a6d-61ab-4090-a2da-c4c02a2c6fd7,Reiko Austin,Nashik,Madhya Pradesh,India,Hypermarket
9cf378e9-bd9f-48c2-9877-e75d73220a8d,Stacee Hampton,Ajmer,Karnataka,India,Department Store
8666e469-1442-4a6b-aebe-da0d2dfd5464,Thanh Cooley,Thane,Rajasthan,India,Supermarket
fc34147c-535e-49bb-9d88-865f5f6fb800,Salvador Warner,Kanpur,Madhya Pradesh,India,Online
86ea86a1-c96f-4bdb-b08e-44b742ce7513,Ronni Castillo,Thane,Karnataka,India,Supermarket
3d125474-ad89-4d0d-9f7c-dd5fc6f54a01,Un Monroe,Nashik,Madhya Pradesh,India,Flagship
b7fd4833-f1bf-4a89-9a2a-2ba83affa7ed,Colby Sherman,Ajmer,West Bengal,India,Online
4323416c-457e-454f-857b-5e4df309953b,Concha Poole,Nashik,Mahrastra,India,Online
b433a1f7-b1f9-45f4-b8a7-789906068f33,Denisse Kidd,Indore,Madhya Pradesh,India,Franchise
8b99fbc1-a55c-4c66-9346-af0ff64ee6ae,Fritz Reynolds,Mumbai,Mahrastra,India,Outlet
25616f5e-f95e-4a53-9220-29430a69dfa5,Graham Cooley,Bengaluru,Mahrastra,India,Outlet
20c3625d-ee34-4c0f-af07-0c696943d978,Beula Hebert,Kanpur,Madhya Pradesh,India,Online
980fe854-650f-4b0c-a135-1e0c5d486446,Florentino Gamble,Kolkata,Karnataka,India,Supermarket
71c62e3d-20be-4564-8a47-1ca0bb47274d,Weston Mann,Kanpur,West Bengal,India,Supermarket
9338f1ba-5667-46cf-b7f7-b5f926d9a938,Harold Vance,Kolkata,Karnataka,India,Warehouse
e89b5ca6-135b-4a5e-a260-d7a295fd4f12,Mckenzie Wilkerson,Gwalior,Mahrastra,India,Supermarket
331b2311-e884-4dfb-a5f9-5776b77f314b,Mauricio Durham,Thane,Uttar Pradesh,India,Showroom
0d225451-9caf-4526-bab2-f45d6a689965,Cristie Cantu,Noida,Karnataka,India,Department Store
51388965-17b9-4847-a9b3-c241bd419db1,Annamae Washington,Lucknow,Uttar Pradesh,India,Franchise
2aaf78aa-8038-487a-8664-8d3c6605fe2c,Elliott Herman,Thane,West Bengal,India,Franchise
3a74d554-6c04-4b98-9734-aa82b00aef26,Olinda Kent,Thane,Uttar Pradesh,India,Outlet
a074a93b-ae77-4d99-9ebd-4b3b287c46be,Lashon Best,Ajmer,Karnataka,India,Showroom
06ef4d51-3180-4b3a-a265-34d930cedb69,Margarett Stone,Indore,Mahrastra,India,Supermarket
0234bac6-13ef-40e9-9362-1863b319301b,Sanda Ferrell,Ajmer,Mahrastra,India,Department Store
43a7e4fe-7dd6-4dca-b8da-8d03010fbe37,Jessika Hart,Gwalior,Mahrastra,India,Flagship
0379a4b3-6aaa-4e25-943a-b43da1df64f0,Anya Bush,Kanpur,Karnataka,India,Online
8fa15768-8c9c-4c6b-a445-0ac0c31820e5,Deshawn Guzman,Kanpur,Karnataka,India,Hypermarket
e1b6e092-7e47-46f5-9e19-e071de3a8e4e,Dwana Boyle,Lucknow,Uttar Pradesh,India,Supermarket
03564769-4cb9-4ec4-a045-8eaf5c9cc7d6,Quintin Fletcher,Bengaluru,Rajasthan,India,Hypermarket
b4b535a3-f7de-46a9-b61e-a89d2e336543,Ileen Hill,Noida,Mahrastra,India,Flagship
f65d1b7f-02d5-43f0-99ef-88cfbfcc6e47,Jesusa Maynard,Kanpur,Uttar Pradesh,India,Warehouse
c88865dc-2c7e-4d7d-b38c-9451189f2cac,Cira Sykes,Bengaluru,West Bengal,India,Outlet
d2a5faec-3c05-4c82-827e-56e9c60a456f,Reuben Carpenter,Kanpur,Mahrastra,India,Warehouse
9180e4a6-7fc4-45c3-bd70-a8e854edabc1,Vincenzo Haney,Lucknow,West Bengal,India,Online
27d33762-abbe-464b-9855-9b673ad17084,Laurence Fry,Mumbai,Rajasthan,India,Franchise
1794cd2e-a316-4706-b495-590ba6cf7e2d,Scott Levine,Kolkata,Rajasthan,India,Supermarket
d77ff578-532f-4f70-ab9b-fe3607eab64a,Pearly Molina,Lucknow,Karnataka,India,Warehouse
5d599a34-55dd-4fd8-9f15-05d30093005f,Shirley Sawyer,Lucknow,Mahrastra,India,Outlet
3187de66-aa31-4e61-b38f-4a0f2ebc5f34,Brad Rosales,Ajmer,West Bengal,India,Department Store
adb785fb-a7a7-4bfc-87ee-189be3a16424,Graig French,Mumbai,West Bengal,India,Department Store
505a824b-23df-424b-95d4-3ff271a75850,Kasha Hawkins,Bengaluru,Uttar Pradesh,India,Warehouse
7eed34f5-ce48-4216-9e19-2a3811a24f0a,Thersa Dudley,Bengaluru,Karnataka,India,Outlet
05b55199-9494-4bde-a577-3b7686260749,Burton Morton,Indore,Karnataka,India,Outlet
6a8e2d08-f7b7-4ff9-a323-dbbedf0b6f40,Emilee Dunlap,Kolkata,Madhya Pradesh,India,Franchise
35bd1201-cd6d-420a-9948-e217ad10e3c5,Melany Odom,Bengaluru,Uttar Pradesh,India,Supermarket
c9f393b9-46c3-4e0a-9aba-dfeda8f62f0f,Dionna Hogan,Nashik,Mahrastra,India,Warehouse
1d5fee8a-16af-4d7d-8f40-adffa58fdbed,Drusilla Mccarty,Indore,Madhya Pradesh,India,Online
1ad3bbb8-c945-443e-9563-4dc3021a5535,Caterina Castaneda,Pune,West Bengal,India,Hypermarket
31c076d3-6971-4eb9-854f-1b05eb45f0b6,Jule Mcmillan,Kanpur,Karnataka,India,Showroom
f1f57351-feb5-4ff3-ac3f-5343e16a347c,Brant Gallegos,Nashik,Madhya Pradesh,India,Supermarket
3d5a4f44-212f-4a17-b8fc-aad7ba20740c,Ty Alston,Lucknow,Rajasthan,India,Showroom
7e6bf865-f21a-4221-80dd-7cb9f9674de1,Illa Chaney,Ajmer,Madhya Pradesh,India,Outlet
b022b3b1-1fc9-42ed-8d61-e0db2a6ecf1c,Jayson Morton,Gwalior,Uttar Pradesh,India,Flagship
a2f8947e-4576-485e-8b0c-18bb73aa6474,Gearldine Sharp,Mumbai,Uttar Pradesh,India,Warehouse
2ea63bb4-c95a-4ad4-b81d-0dc0016f7177,Rosana Benson,Nashik,Mahrastra,India,Hypermarket
d43ecbcb-241d-42ae-93e2-7e71803631bb,Svetlana Newton,Ajmer,Mahrastra,India,Hypermarket
a34b2964-cef9-479d-9162-9e09baed984d,Rochel Velazquez,Pune,Mahrastra,India,Franchise
3875fb35-0811-452d-b1b3-039567e96e09,Elmer Mccarty,Indore,Karnataka,India,Online
8c133ec3-c655-4a9a-9e7a-eba652573079,Annamae Figueroa,Mumbai,Mahrastra,India,Flagship
2be4536e-02ba-4fb9-8ce7-9b011ac9d6c8,Ferdinand Langley,Bengaluru,Rajasthan,India,Department Store
9e9904cb-46db-430b-b3b6-302287a9730f,Marco Fletcher,Lucknow,Mahrastra,India,Flagship
77c4bde2-7029-40e0-8bda-c2b017ade578,Hector Dalton,Gwalior,Rajasthan,India,Online
34c11908-c839-4407-8992-5ea60dbe71bd,Jody Vazquez,Kanpur,Uttar Pradesh,India,Department Store
c966b9c8-4a3f-431d-b286-f7b25edddee5,Toby Tyler,Kolkata,Madhya Pradesh,India,Supermarket
a30f66fa-aad8-49cc-96a4-3873f32af28e,Hanh Jones,Thane,Rajasthan,India,Warehouse
7e517956-2616-4ef1-9bb3-bcf14de9b231,Joan Kinney,Pune,Uttar Pradesh,India,Hypermarket
56c63a31-7804-4fbf-82f3-548bb06ca2b3,Dominque Brennan,Ajmer,Madhya Pradesh,India,Department Store
9010da34-a802-4f36-b5ec-bbe932b44f4f,Roy Simon,Lucknow,West Bengal,India,Outlet
e21c22a6-488d-4f82-ac8d-923cfba5934c,Maynard Davis,Indore,Madhya Pradesh,India,Online
212ca64f-c945-4cf2-8993-647e3bffb274,Homer Wiley,Pune,Karnataka,India,Online
d0600538-0982-4f00-afb1-ec9a3b1da1ae,Terrilyn Joyner,Ajmer,Rajasthan,India,Showroom
fd529cda-b930-4e82-8a54-0f508f4c5d92,Perry Gentry,Nashik,West Bengal,India,Online
c9a246b5-f1ff-48da-9699-41f7db634ee9,Benjamin Fuller,Nashik,Mahrastra,India,Flagship
9e98c121-f4d0-4e88-b3f0-5f6945d27e0d,Samara Forbes,Bengaluru,Madhya Pradesh,India,Outlet
cee5eed0-31e3-424d-8f5c-7dcea810b7ef,My Wilkins,Pune,Madhya Pradesh,India,Franchise
fea34537-e475-43a9-80e8-4ba1645748ce,Lakenya Little,Bengaluru,West Bengal,India,Showroom
8c8710ae-9538-4e4b-b9c5-daaa023ff941,Tarra Hartman,Gwalior,Mahrastra,India,Hypermarket
81205357-3c65-4ce2-ae6e-4d3f4b607649,Carolyne Parrish,Lucknow,Rajasthan,India,Online
107f9c32-62ed-4496-ab61-bd4efea71d2b,Johnathan Pearson,Bengaluru,West Bengal,India,Supermarket
854395b9-a999-493f-af8e-8798a32fa7eb,Berenice Watson,Kolkata,Mahrastra,India,Online
bed9c80f-4443-4f63-8329-6263b4dae9cc,Jeffrey Moss,Gwalior,Mahrastra,India,Flagship
3a03fad0-b43e-4592-bc91-8c8060d9922b,Hassie Reese,Kolkata,Karnataka,India,Department Store
a1b27caf-d7c6-487b-ab63-03254cc397ee,Yolande Cash,Gwalior,Mahrastra,India,Franchise
93bbec9b-f027-40bb-9f38-05df5865f403,Tyler Sloan,Indore,Uttar Pradesh,India,Online
093c8441-0496-4018-a36a-7dd7ca811451,Deedee Solis,Kanpur,West Bengal,India,Hypermarket
9f601001-c523-4bb6-b6b0-9eae8d14a135,Kayleigh Mack,Gwalior,Mahrastra,India,Department Store
88e57f6d-4391-4221-9318-6824b7bea1de,Scot Caldwell,Nashik,Mahrastra,India,Franchise
7069f5c8-85de-458a-b240-dbb67b11426a,Emile Terrell,Gwalior,Mahrastra,India,Franchise
563cd87c-af98-489e-8365-ba5ecbf78ba4,Shirleen Walls,Ajmer,Mahrastra,India,Hypermarket
36c09c3a-4638-4a91-ba1b-dddb96b7701e,Latia Sexton,Mumbai,Karnataka,India,Online
c6e33ff1-15a7-40d4-b73d-fec4bed3d4f1,Myung Acevedo,Thane,Karnataka,India,Outlet
bbe79dbb-e8bd-4dce-b87a-9312ec669577,Kathern Reeves,Thane,Uttar Pradesh,India,Franchise
6a77518d-0274-42f8-b6e9-bb9d0d7409cc,Piedad Vaughan,Kolkata,Mahrastra,India,Supermarket
1fc60cb2-223d-44e2-bedb-414a42dadb16,Heidy Pruitt,Gwalior,Madhya Pradesh,India,Online
8bacde42-c518-4193-9fa0-381147370353,Ken Murphy,Gwalior,Uttar Pradesh,India,Franchise
31c69806-629a-4a67-a117-5b1f09e6cb88,Jeromy Shannon,Ajmer,Madhya Pradesh,India,Department Store
fa24868b-6a36-4850-8c8e-6d10e8bcb4cb,Rogelio Peters,Indore,Uttar Pradesh,India,Flagship
c1e09742-87b0-468c-bb69-5cb655142139,Eloy Henry,Ajmer,Uttar Pradesh,India,Hypermarket
35a6fa48-e40f-4805-b092-f2b411010217,Gil Peterson,Indore,Rajasthan,India,Hypermarket
3b9c4c67-6caf-4fc5-9af1-3030d844cc3b,Randolph Campbell,Kanpur,West Bengal,India,Hypermarket
f61527a4-a705-4a63-a929-b48d1b4b461a,Renna Haynes,Thane,Mahrastra,India,Department Store
feb42592-47bd-42bb-b6ef-244643d2dd3c,Todd Tyler,Thane,Karnataka,India,Franchise
a0be4091-792a-436a-afa3-ac10af82e6a0,Ben Bates,Pune,Rajasthan,India,Department Store
7de77224-28d0-4034-8a62-2fba9a9eebd6,Louis Tyson,Thane,Rajasthan,India,Online
e4610f0f-d8c1-4668-b738-592c9be57681,Ula Parsons,Indore,Rajasthan,India,Flagship
d3daee95-6796-44da-85e3-379c986031a3,Duncan Glover,Ajmer,Rajasthan,India,Warehouse
d79e2c9d-bb98-4a49-8a23-88d1f1cc8327,Emerald Guthrie,Ajmer,West Bengal,India,Online
f29b3c2a-2b69-467f-afa7-6499611991fa,Alix Bauer,Ajmer,Mahrastra,India,Warehouse
f45a409a-511a-41a8-9dbb-a43bbb68009c,Leonardo Hoffman,Lucknow,Karnataka,India,Department Store
6a60c77e-1932-45dc-9c27-8792da7bcd22,Mallie Vazquez,Indore,Uttar Pradesh,India,Online
7e263959-1671-4024-b0c6-c6bf5e6ed061,Erik Ramirez,Lucknow,Karnataka,India,Outlet
20f2940d-037c-4381-aefe-58eb142fb62b,Kyoko O'neill,Bengaluru,West Bengal,India,Online
db39bd11-7fe3-4ef6-aee4-2c479780c0db,Lynsey Cameron,Nashik,Uttar Pradesh,India,Supermarket
0b983b87-76ee-45c1-a81b-940a4e6d4c32,Gino Mcfadden,Lucknow,West Bengal,India,Flagship
d3fc399a-ca68-47d6-b226-8374acab72e2,Minh Hooper,Ajmer,Karnataka,India,Showroom
baa67bf4-e1cf-43e1-8831-d0b62b8462e4,Vaughn Jennings,Nashik,Rajasthan,India,Franchise
bf436491-a36b-46f6-b51d-6cd5d1b0af77,Derek Mckee,Gwalior,Madhya Pradesh,India,Flagship
e414a4c2-6247-428b-9f3e-0a0ee7fdae7c,Guillermo Hogan,Ajmer,Mahrastra,India,Franchise
00f26ae5-7f8f-458d-bdab-1cf2a149297f,Trey Burnett,Ajmer,Karnataka,India,Online
8a24fc5f-381a-4144-ae96-66f44267a365,Oliva Quinn,Pune,Karnataka,India,Hypermarket
9018ceee-0e1c-41fc-8bc5-a2c7a3093561,Tonita Salazar,Ajmer,Madhya Pradesh,India,Supermarket
bad58e48-b60c-4dd1-8d6a-b8001f290715,Francis Ratliff,Gwalior,Uttar Pradesh,India,Warehouse
5c803fc2-e05b-4566-ac2b-65bd85304fc9,Lean Rosales,Thane,Rajasthan,India,Outlet
a83145fb-7cf6-47df-a35c-193f15f6f3a7,Elmer Burris,Ajmer,Uttar Pradesh,India,Franchise
8ebbbb2f-ec0c-4b6a-8240-fc4b8cc245df,Toby Conner,Nashik,Madhya Pradesh,India,Flagship
d3fe9a1d-0cb1-4657-be2b-5cda24965fc9,Napoleon Buchanan,Indore,Rajasthan,India,Supermarket
ee211270-9959-425e-b578-d06d4004834a,Jannet Cote,Mumbai,Rajasthan,India,Department Store
e33444cb-333f-4e81-8148-e433683377d2,Roger Herrera,Lucknow,Uttar Pradesh,India,Franchise
72e3f70f-91c3-4a70-920f-8cb39cae5bb8,Winfred Church,Thane,Rajasthan,India,Franchise
9f00ab3c-11fb-4d43-97ec-bd0aeae47467,Frank Serrano,Ajmer,Karnataka,India,Franchise
6daaf9a9-e5f4-4d3f-a091-d460d7f44f75,Eldon Lara,Indore,Mahrastra,India,Showroom
324c85aa-503c-4f4d-a9ea-b76644ebe4bc,Jenine Woods,Gwalior,Madhya Pradesh,India,Franchise
6b3c3456-15d4-4cf6-ad61-75f2a1066c84,Marilou Martin,Bengaluru,West Bengal,India,Hypermarket
106bc828-5c73-4f91-ab26-4bb360768c40,Justin Salazar,Thane,Karnataka,India,Flagship
eed4ba74-7483-467f-8a71-61dea026747b,Francesco Nielsen,Bengaluru,Mahrastra,India,Showroom
9ad20043-f715-4f5b-8c10-0167ddfb03f9,Sylvester Zimmerman,Pune,Karnataka,India,Flagship
cc27d671-e30a-4943-b549-5af4261fcdd2,Shaneka Beard,Bengaluru,Uttar Pradesh,India,Warehouse
ae56852f-1f71-4664-a6ae-cedd69f9b529,Toi Haney,Thane,Rajasthan,India,Showroom
3d9dd6a6-216f-4852-8a8c-d3587f74c400,Bernardo Clark,Kanpur,Karnataka,India,Warehouse
2b40a2fa-c695-4ee9-b4d9-33fb3cd45dfc,Oliver Bridges,Thane,Karnataka,India,Online
4b1cd3fd-ab7e-454e-a29c-a7a0fdd638bb,Irish Serrano,Noida,Mahrastra,India,Supermarket
daa5eb87-e1f5-4b3f-9f6c-d21b946ca6ac,Dorthey Robbins,Thane,West Bengal,India,Supermarket
3b43f2f1-4d06-419e-a5ea-2bfd832bdf0f,Anjelica Herman,Noida,West Bengal,India,Showroom
62a7fc94-50eb-4831-a02e-38d75596858e,Mendy Delgado,Noida,Rajasthan,India,Department Store
ac5e0ad1-90d5-46df-886d-4bf7ee040129,Shea Ratliff,Gwalior,Mahrastra,India,Online
57c3f541-f037-4b8b-94ca-76bb45421993,Dane Orr,Pune,Uttar Pradesh,India,Online
0962e4af-22ec-4424-b232-ccb2d5968a77,Donetta Sheppard,Noida,Rajasthan,India,Outlet
6027057e-4b58-4813-9bfc-07d091855bd7,Ivory Vincent,Noida,Uttar Pradesh,India,Supermarket
b4e15911-9d89-4ed5-94b6-8ef8517a098a,Ross Stewart,Thane,Mahrastra,India,Supermarket
f2f2fa00-44d9-4fbf-aebc-f1906ddfd8f0,Joan Hunter,Indore,Madhya Pradesh,India,Franchise
4c88efb7-1085-4404-a4f6-c93fb93f1a98,Noriko Owen,Indore,Madhya Pradesh,India,Flagship
c353c4d4-5823-4188-be18-76b13116e723,Lenita Gibson,Indore,West Bengal,India,Hypermarket
4ec6b859-41e0-4819-bdf1-08b041a25f81,Bobby Bowers,Pune,Rajasthan,India,Supermarket
f0f79e3a-d690-4870-85b7-2ad993ed1f8c,Ehtel Jackson,Kolkata,Rajasthan,India,Department Store
426c3506-b2b3-449b-af3c-f2bb7f2320f8,Junior Hodges,Noida,West Bengal,India,Supermarket
fe8b40b2-086e-4aa6-bcd9-fc9b26b3b5ef,Annita Hale,Bengaluru,Madhya Pradesh,India,Department Store
1f8fc1fb-284c-4711-89ab-a77f1eb18716,Estell Bowen,Indore,West Bengal,India,Online
efaa65e3-d71a-4825-b0aa-33dbcefbbf73,Illa Wright,Lucknow,Karnataka,India,Warehouse
07c9f2e6-d83e-413f-9922-8fd071b166e8,Willian Hyde,Pune,Uttar Pradesh,India,Online
d682d3e7-df6b-4733-a96a-71fc6b74a509,Shelton Fields,Gwalior,Madhya Pradesh,India,Department Store
90de314e-d054-4899-a3d2-1a88f71b6a4d,Ha Phillips,Mumbai,Rajasthan,India,Supermarket
8dbbedd7-fc61-4485-978a-82ceb1a3d45c,Lala Hamilton,Lucknow,Uttar Pradesh,India,Outlet
e71da273-5fb8-4997-a943-467fff22c74f,Shannon Kirkland,Pune,Rajasthan,India,Showroom
4c082c0a-3499-4930-bf3f-cb463a425872,Arnita Clark,Ajmer,Rajasthan,India,Outlet
810c3b69-d58d-447c-b5a2-a3a2a72d6e51,Kymberly Burns,Thane,Madhya Pradesh,India,Online
5780aa62-414a-48a9-9d06-cf2b4540623e,Sandee Holt,Indore,Mahrastra,India,Supermarket
5a8c5a69-88fe-4624-bc02-ecc7bbf424f0,Silvana Duke,Indore,Madhya Pradesh,India,Supermarket
21ba230b-14ff-4e5c-90a0-0b3d4def8495,Caprice Bennett,Kanpur,Madhya Pradesh,India,Outlet
b9085e19-7f77-43ae-b8fc-609152f1178f,Hugh Dyer,Kanpur,West Bengal,India,Department Store
02e87f9c-4414-480d-b833-6553c9c62609,Bradford Woodward,Thane,West Bengal,India,Online
68126846-db03-4260-bfc1-500408b82ac4,Moses Dotson,Ajmer,Mahrastra,India,Hypermarket
4611b539-a0f0-49bc-8ae4-8f78fcb5804b,Twanna Briggs,Lucknow,Karnataka,India,Online
9df4a4c0-b4da-457e-913d-612e06d42960,Grady Skinner,Pune,Mahrastra,India,Showroom
15c45534-2d5a-4d65-82b4-09d4417b2918,Theo Dudley,Ajmer,West Bengal,India,Hypermarket
f1b72d63-d4df-4a8a-94ef-e0b421b84d25,Austin Snyder,Kanpur,Mahrastra,India,Online
9a803cff-d2e5-47f3-8ac0-6b670038dd05,Jackson Albert,Kanpur,West Bengal,India,Hypermarket
c3e4430d-a568-4304-9037-814afbe0c733,Dia Gray,Nashik,Mahrastra,India,Franchise
960ba5b5-3ca9-457d-82e4-685b31577cd0,Louie Vaughan,Kanpur,Madhya Pradesh,India,Department Store
b813571d-39d6-4fb7-8cd4-18a4461b0dbd,Wilfredo Ford,Nashik,Uttar Pradesh,India,Outlet
b6f68385-d9f8-4db7-8488-394af899078f,Scotty Zamora,Noida,Mahrastra,India,Franchise
60ee46dd-a277-4956-9699-fcef3dff7ddb,Roberto Peck,Bengaluru,Rajasthan,India,Showroom
c11c213c-c72c-4f90-8046-3a5d1b3f4fec,Madaline Craft,Nashik,West Bengal,India,Warehouse
3073af62-9a4a-4e7e-be72-0c316fb2747d,Grant Good,Indore,Karnataka,India,Hypermarket
ffabb545-3808-479f-83aa-72eddfbc9f6f,Christopher Bray,Mumbai,Karnataka,India,Supermarket
cc3f61bf-330f-42d6-b34e-b8b73c54c40c,Slyvia Parsons,Gwalior,Rajasthan,India,Flagship
7142fdcc-f1db-4199-9c5c-b8d5da58f415,Bari Olsen,Noida,Uttar Pradesh,India,Flagship
243e4066-b393-430c-8bce-2b9e0247772c,Mario Roach,Thane,Mahrastra,India,Online
4974d934-0e9c-4361-8dd2-e5e5207f94fa,Darell Jennings,Kanpur,Uttar Pradesh,India,Flagship
dc69457c-07d3-406b-8907-487b8071197a,Kathey Stanley,Lucknow,Madhya Pradesh,India,Online
1a72a3e2-956d-4da1-9e93-33fec6081228,Shad Massey,Bengaluru,Uttar Pradesh,India,Franchise
f5fa5cab-3bdf-4eb0-8879-ac52fdcaadd4,Claribel Meyer,Kanpur,Rajasthan,India,Online
2564c83f-0c25-4cbb-8f26-bab0bd1cf074,Jefferey Sullivan,Kolkata,West Bengal,India,Online
8a6fc076-727b-4987-a8ea-c875610f976e,Titus Stout,Bengaluru,Rajasthan,India,Outlet
0019fe74-8e8f-4835-a774-26a4df27d76c,Salley Leon,Mumbai,West Bengal,India,Flagship
8c5aa900-8545-4c4a-ae67-fa94df69efbd,Dong Foley,Indore,West Bengal,India,Warehouse
6565b3a3-b5fe-4b60-8fdc-871e0905d995,Isobel Sloan,Bengaluru,West Bengal,India,Warehouse
92be8c1d-0389-456e-bb3a-0bbdac5c931c,Tish Porter,Kolkata,Uttar Pradesh,India,Supermarket
b8e12d28-38be-4850-a07b-91e16d4b1918,Zana Frank,Indore,Karnataka,India,Supermarket
5b4fa213-59e5-4d5e-842b-43cfd805476c,Jadwiga Buckner,Gwalior,West Bengal,India,Supermarket
a0e32d46-c697-463f-845e-9a159ea310e6,Crysta Lowery,Kolkata,Madhya Pradesh,India,Hypermarket
3d29becf-b703-418c-92da-4f4730008ddf,Monte Barker,Mumbai,Rajasthan,India,Online
03c9acbb-34ce-47a0-8967-531acaa0c930,Jaymie Valdez,Mumbai,Uttar Pradesh,India,Online
d962a2b9-0b82-4be4-9185-04358b0670cd,Dorsey Green,Kolkata,West Bengal,India,Franchise
013f4169-1513-4188-9faf-dafdc48ab33a,Tod Hansen,Pune,Madhya Pradesh,India,Online
ffab51c6-d87c-485b-ae08-686e52a24cab,Joel Sharpe,Indore,West Bengal,India,Hypermarket
9a7f862e-0915-4586-b56e-221c3e3d1db0,Thaddeus Dotson,Gwalior,Rajasthan,India,Warehouse
a347585e-e3ab-423f-b7c8-617ba939ca48,Luke Vinson,Noida,Madhya Pradesh,India,Outlet
120d299b-76b0-4cdb-b40b-d4b4cfb3568b,Cruz Richards,Noida,West Bengal,India,Outlet
df44c536-0da9-43f4-a0ed-d66cc38e1601,Berna Higgins,Mumbai,Madhya Pradesh,India,Hypermarket
124f87c2-0a0c-411d-bccc-17c4d5877303,Wilford Chang,Lucknow,Uttar Pradesh,India,Hypermarket
b3d768e0-aafa-42d1-88ad-1d0f23339113,Giuseppe Martin,Ajmer,West Bengal,India,Warehouse
b9071986-08b6-4a70-8ec0-450d6258e9b3,Wen Pope,Mumbai,West Bengal,India,Hypermarket
feaa73a7-e666-4846-a2cd-8348434b5242,Randee Perry,Kanpur,West Bengal,India,Franchise
bd63d688-bb11-4357-992d-11db856eef22,Arden Goodman,Ajmer,Mahrastra,India,Outlet
3beb8388-c2c0-4b1e-85ef-df54ad842a0e,Irmgard Cantrell,Pune,Madhya Pradesh,India,Supermarket
09ed0708-e9f5-4175-85a2-b57b386b045d,Kimberli Morrow,Noida,Uttar Pradesh,India,Outlet
32994460-71ed-46be-aaf9-fd1ab10499b8,Eldridge Travis,Kanpur,Karnataka,India,Supermarket
421a7499-cff1-4ff5-a440-2cc40c2cd15b,Clifton Mueller,Gwalior,Mahrastra,India,Showroom
01c2db9f-3df6-4b38-8b3c-cc877f4f8312,Tuyet Dotson,Mumbai,Uttar Pradesh,India,Warehouse
f66780e4-5111-4be8-b513-087bafd0ca3d,Ricarda Mejia,Noida,Rajasthan,India,Showroom
be110883-85ed-4188-a2ae-7192aee8ad75,Cristobal Campbell,Indore,West Bengal,India,Showroom
7ce481b1-7ad6-40d1-9392-6ffa270159f8,Morton Klein,Noida,Karnataka,India,Department Store
d25c81ba-a994-4aa1-a6ac-5a52a0becadd,Joshua Castro,Kanpur,Karnataka,India,Online
db5b0bcb-b331-4ccb-9866-9a7d8456e9ae,Gavin Knox,Noida,Mahrastra,India,Hypermarket
778b7c90-b543-4374-973e-0888904667ee,Emmitt Mendez,Indore,Mahrastra,India,Flagship
52d0cd7c-e9f5-49bc-b209-5ada76ece3eb,Herb Vaughn,Pune,Karnataka,India,Hypermarket
44bb0b79-b7b1-4b8a-a003-c51032aec71d,Nicholle Conner,Nashik,Karnataka,India,Online
3d1da678-588b-41ba-8e5c-b4ef9812d202,Lindsy Cummings,Ajmer,Uttar Pradesh,India,Outlet
62086aa1-7a96-46f8-a2b4-cd4270d814e6,Dallas Smith,Thane,Mahrastra,India,Department Store
9fb1428e-2af1-4218-b668-2a9ec4f9e9ec,Elliott Haley,Indore,Karnataka,India,Showroom
4f41e3ef-a3b5-48dd-89cb-4aed77a28fa2,Nerissa Levine,Gwalior,Mahrastra,India,Outlet
0ec14960-c42a-4b93-ab3b-f4b545d6fb40,Samual Whitfield,Gwalior,Madhya Pradesh,India,Flagship
ae61b046-aa86-4de4-9dcb-4601d6728c6d,Dennis Benjamin,Thane,West Bengal,India,Supermarket
094a5b2e-ae8a-4e95-acd0-9532f84a19f5,Christoper Mays,Nashik,Rajasthan,India,Outlet
9a3ecc73-24dc-4375-8314-02e79f2ef340,William Schroeder,Indore,Madhya Pradesh,India,Hypermarket
290878b0-415a-4a98-97da-d270abb8327a,Jeffrey Singleton,Mumbai,West Bengal,India,Hypermarket
6db6b005-7325-4c96-adb1-dd4d23e9edba,Moshe Stevenson,Mumbai,West Bengal,India,Department Store
ad32d290-7de2-46fc-89a0-1b6fdebf1d6c,Luciano Murphy,Thane,Mahrastra,India,Outlet
e6c2baab-ce7e-4529-8ae6-b1dd402a9fa6,Colby Maxwell,Bengaluru,West Bengal,India,Online
6e06035a-80c0-4cfd-bfec-0d5ca781b1bb,Alexander Ramirez,Ajmer,Rajasthan,India,Online
a0fe82a5-cbb2-4352-b2af-ecfa4f99737b,Dennis Roberson,Ajmer,Rajasthan,India,Online
c0c1cd8a-d70a-45a5-a066-ef7da2250c0d,Brande David,Gwalior,Mahrastra,India,Flagship
9e1b1f9a-0a0f-429d-adb7-d4c32311076d,Britt Alford,Mumbai,West Bengal,India,Outlet
dd4bce80-b241-43d1-8916-25fa24e0d7aa,Billye Beach,Kanpur,Uttar Pradesh,India,Outlet
356a6ec9-8585-4e26-b6a2-f64681c98342,Stuart Roman,Kanpur,Mahrastra,India,Online
87bf0ef4-4b6b-408d-a6f0-5756a24a96d9,Verdell Garza,Mumbai,Mahrastra,India,Outlet
8c439202-f878-4da8-8c69-a12ca2049ee8,Chase Acosta,Lucknow,Uttar Pradesh,India,Showroom
7c3b4f7a-a5bf-470d-9508-1fff3a0b5c6a,Alvera Macdonald,Mumbai,Karnataka,India,Flagship
1ffe8773-5d60-4720-9e5f-03e2d296dec5,Lewis Levine,Kanpur,West Bengal,India,Warehouse
54c4e99c-a904-4895-93b0-d00b5e573b9b,Irwin Curtis,Thane,Karnataka,India,Hypermarket
589c282d-c6d7-4a11-a396-2b63c74cdfac,Arlie Roman,Noida,Madhya Pradesh,India,Flagship
001a6a41-314a-403f-85aa-2521709c908f,Garrett Travis,Kolkata,Rajasthan,India,Hypermarket
d2ba99fe-bdea-4bff-9a2c-7b59c1d09cb8,Laree Jarvis,Ajmer,West Bengal,India,Online
ee841585-22f8-4415-b856-0621c2ff9617,Eli Gilmore,Bengaluru,Karnataka,India,Supermarket
1400c3ca-f395-4093-8750-b859c3db7b1f,Jesse Mcbride,Pune,Mahrastra,India,Franchise
07ec1cf2-9bc0-4815-906a-e6b1b401be57,Romelia Cannon,Kolkata,Mahrastra,India,Warehouse
c1c6f39a-5d07-4fe0-b692-6f9ff4cb9b24,Genia Macias,Nashik,Mahrastra,India,Hypermarket
092f6d25-4c33-4951-a753-ec27af1702ea,Warner Kirkland,Mumbai,Uttar Pradesh,India,Online
fc80ef6a-2cbd-497d-b6a6-831a71eaa081,Annita Sweet,Mumbai,Mahrastra,India,Showroom
e73dfb80-31de-4e20-8dc8-9b7c87b6d980,Merrie Coleman,Indore,Mahrastra,India,Department Store
4aebca59-8975-4fad-8481-b1581d4a9116,Willis Cameron,Indore,Karnataka,India,Flagship
9d14e71d-bde2-46ac-94c0-f11e7f79795f,Nadene Hanson,Kanpur,Uttar Pradesh,India,Hypermarket
1220f267-7788-48e1-b4e6-72695f5eb00d,Carley Velasquez,Thane,Karnataka,India,Outlet
506e5e66-54f8-4e2e-8333-355e46063b65,Camila Hunt,Ajmer,Madhya Pradesh,India,Online
56cdc57c-2ed1-4489-9ae1-712059d18463,Laurice Haley,Lucknow,Rajasthan,India,Franchise
8bf336e7-962f-40ba-af0e-db4aa5cd541b,Lucas Sellers,Pune,Rajasthan,India,Franchise
e602a1e2-66c6-4e88-808c-72d2f4ed4689,Dana Moss,Gwalior,Rajasthan,India,Department Store
0384e3fd-3f82-44de-b856-fd854031ad34,Johnie Chan,Pune,Karnataka,India,Outlet
cd895a8f-ca1b-44fa-8ddb-7adf3ba3407f,Rory Raymond,Mumbai,Mahrastra,India,Flagship
bafba4e2-1c73-4f47-8989-5d349fd230ba,Tanja Sims,Kolkata,West Bengal,India,Department Store
19304fed-f104-42c5-8885-4e54dabb177c,Ileen Gibbs,Bengaluru,Uttar Pradesh,India,Department Store
aa014cc0-a87a-4289-acbc-d193c5a2846e,Na Christensen,Gwalior,Karnataka,India,Flagship
60fed545-3c6c-4591-b2bb-9559ee168baa,Marinda Riggs,Indore,Karnataka,India,Hypermarket
160d6167-9717-4de4-8380-6f350093a3a6,Garnett Haynes,Gwalior,Karnataka,India,Franchise
6a4bedf6-f6a6-49fa-8c25-54843eb5c1f1,Desire Fischer,Gwalior,West Bengal,India,Online
08a23fdd-0be6-4af1-8f8b-ffc9a1f21048,Enoch Larsen,Gwalior,Mahrastra,India,Showroom
ed0da3a7-32e5-4cd2-9de0-a96c32d7f8f5,Darrell Scott,Mumbai,Rajasthan,India,Warehouse
4065b89d-d6f5-4d83-80a0-a73fed3366b6,Clelia Merritt,Lucknow,West Bengal,India,Showroom
28b59270-545c-42e0-b5ed-b43563dbc166,Billy Mosley,Mumbai,Rajasthan,India,Supermarket
d0063c72-14d0-41df-b33b-071dedd69f93,Thora Hyde,Gwalior,Uttar Pradesh,India,Franchise
1844bc93-5b3a-41fd-9bcb-e50f3b24f1e6,Marchelle Roth,Bengaluru,Uttar Pradesh,India,Showroom
52208c8b-6954-4760-85bb-324ec6e13ab5,Wai Vincent,Thane,West Bengal,India,Online
418d67f1-553b-497d-9f4b-e6923537f6c0,Stormy Salinas,Nashik,Uttar Pradesh,India,Showroom
5fe08a1c-d6a3-41ae-a480-b01e967f8f8a,Geraldo Stanton,Pune,Karnataka,India,Franchise
4c35b6d7-fb37-4b41-bf46-0e2491c2dd1e,Rozanne Blackwell,Lucknow,Karnataka,India,Department Store
9eb1377e-4108-49a9-8ee0-effe5932113d,Arlen Hoover,Noida,Madhya Pradesh,India,Online
8c0771fa-c137-4765-9c58-612e6398a1ea,Calvin Garza,Kanpur,Rajasthan,India,Online
d2dafbf0-8d5d-444c-af13-a5f92d1c1b62,Shannon Conway,Bengaluru,Uttar Pradesh,India,Franchise
8b640a12-7006-45ed-8774-a9247b45b811,Lawrence Mullen,Gwalior,Rajasthan,India,Warehouse
3a77ad12-7461-45de-9ac5-28b5eededc04,William Hill,Bengaluru,West Bengal,India,Warehouse
4b2686c3-1894-4224-b250-5fd32e8753ae,Adelle Ward,Thane,Madhya Pradesh,India,Outlet
e06b6aac-5687-46b3-b397-b8d9ef3c45e0,Ludivina Frederick,Mumbai,Madhya Pradesh,India,Hypermarket
045cf0e9-b6ab-4ce0-99c9-6a6bd8b219a5,Marcelo Barton,Pune,Uttar Pradesh,India,Department Store
50245ce2-374d-40eb-a918-005e53442e35,Keturah Owens,Mumbai,Rajasthan,India,Flagship
85bbf1c9-870d-4b67-9231-48fee25a180b,Elroy Chen,Kolkata,Madhya Pradesh,India,Online
424aa7a5-4a08-4ead-9e77-e2f5a16d8029,Ranee Fowler,Noida,Karnataka,India,Department Store
1efb6c13-0638-44ec-baeb-ae52f4a25505,Ta O'donnell,Pune,Rajasthan,India,Flagship
75d8e0fb-402b-4fdf-a437-642a1d1ac940,Florentina O'connor,Ajmer,West Bengal,India,Online
3686101a-4b17-46a9-ab2a-eb84d8a1fd7c,Andrea Sykes,Nashik,Karnataka,India,Hypermarket
fffa17fa-e613-40df-b3e9-cf1df66bf7a9,Clifton Nichols,Bengaluru,Rajasthan,India,Showroom
4d83d2ef-9af9-4beb-bd21-e4dcd549cda0,Lester Medina,Mumbai,Madhya Pradesh,India,Hypermarket
d561b082-a902-4af7-a5e5-1ff9af567952,Tarah Kidd,Ajmer,Rajasthan,India,Supermarket
5cf5527a-4dda-4672-b606-a29f277bff9e,Eugene Osborn,Bengaluru,Karnataka,India,Hypermarket
4bb7bdfa-768b-41e9-adb3-369bf58e0508,Daniell Sparks,Kanpur,Mahrastra,India,Outlet
e1255e86-08dd-449d-94fc-83da32cae049,Vivien Castillo,Gwalior,Rajasthan,India,Department Store
4d57aac4-f9c7-4898-8152-9de2795a5450,Jackie Daugherty,Kanpur,Uttar Pradesh,India,Online
d5f816d7-1f23-4dc9-9c6d-744c159a4f4c,Rachele Vang,Gwalior,Karnataka,India,Outlet
844bd102-b388-470f-9795-be7684679ea6,Ji Daniel,Indore,Karnataka,India,Department Store
0262bfa5-7148-47a2-bc48-85fd2eb0cc07,Danille Burks,Bengaluru,Mahrastra,India,Department Store
25c24470-8327-4e23-972c-d9b43a34b530,Echo Dawson,Nashik,Madhya Pradesh,India,Showroom
86966ee4-7677-423f-b356-d69be1e63476,Yong Olsen,Bengaluru,Mahrastra,India,Department Store
9b4b5952-f4c8-400b-b244-ed1fde1f0584,Arnoldo Herman,Noida,Madhya Pradesh,India,Warehouse
7a2b4b1d-9170-477b-a768-ea33189fa475,Eugena Nielsen,Gwalior,Karnataka,India,Supermarket
eaa8b359-18e5-4e1d-a0e7-4a39afa2390a,Edgar Olsen,Gwalior,Madhya Pradesh,India,Showroom
67ae70c4-d8ae-4ee9-b05a-45a19323e8c1,Hilario Barrera,Lucknow,Uttar Pradesh,India,Department Store
e7d4c225-d8af-4b7e-a646-3b75c595a922,Emmitt Bass,Indore,Rajasthan,India,Showroom
ad92620c-78a9-441d-ad91-47d5b5eb1c82,Brett Wiley,Indore,Karnataka,India,Showroom
1ac383a6-3ebc-4697-a582-9f93d4d5fd81,Clemencia Williamson,Kanpur,Madhya Pradesh,India,Hypermarket
2255b8fe-f0f3-41d2-99b1-f8ea3dc0db5d,Lezlie Hogan,Mumbai,West Bengal,India,Department Store
5183b62d-8b61-47bc-a27d-4745703952c5,Avery Espinoza,Ajmer,West Bengal,India,Flagship
94348098-0cef-4d27-b06e-96c9bc1cf8f4,Karima Dorsey,Thane,Uttar Pradesh,India,Hypermarket
c2b8219e-b734-425d-9a21-3bbacabe8d2a,Truman Giles,Gwalior,Madhya Pradesh,India,Online
97d6c3cd-b560-4b7d-a8f1-b00ab8fccaaf,Clarence Jackson,Gwalior,Karnataka,India,Showroom
9e004663-8f9e-45b2-9980-dcf1c9b420dc,Sachiko White,Kolkata,Uttar Pradesh,India,Department Store
75155ad6-ae0b-4f02-8575-3ff6c1d26337,Claris Cote,Lucknow,Mahrastra,India,Supermarket
ac30b91f-ab7d-4c2e-a501-e36e0893ce04,Jeremiah Larson,Bengaluru,Karnataka,India,Flagship
2e13ec63-95e6-4756-b66a-7280a6016668,Cameron Hodge,Ajmer,Rajasthan,India,Supermarket
9140dd7e-6c62-441c-a4c1-04135a186a21,Charles Perry,Thane,Uttar Pradesh,India,Warehouse
97d825f1-899a-41ec-a3f2-9c006329cbb3,Taylor Huff,Lucknow,Karnataka,India,Outlet
2f9a4b68-4a43-4e5b-a65b-c1ede5782846,Cornelius Solis,Ajmer,Karnataka,India,Flagship
2a4cb140-a6db-45f3-adfe-6770ac11afe7,Shirely Ortiz,Noida,Mahrastra,India,Showroom
6e738711-142d-4013-8c04-11d1adf6ffce,Daphine Weeks,Noida,Karnataka,India,Franchise
d1d66d36-a649-4e8f-a13f-a646b914e801,Virgen Medina,Ajmer,West Bengal,India,Warehouse
e0875331-957c-4736-9672-714f15a5b8aa,Antonia Jordan,Gwalior,Mahrastra,India,Warehouse
c7f620bf-9d1d-4001-87a7-3bfbc0288d5d,Javier Sloan,Pune,Rajasthan,India,Franchise
01e0ae5b-60ef-4f16-b833-299687d44fa7,Tony Wolf,Thane,Uttar Pradesh,India,Department Store
b86bdd02-a352-4b6d-8e66-70b2aabfadcd,Tod Rogers,Gwalior,Uttar Pradesh,India,Franchise
6778c4af-6c62-462b-91c4-6cf50189a1c4,Raymon Vaughan,Lucknow,Mahrastra,India,Warehouse
b82b19c5-800a-45e2-8206-1d193dd90bc4,Lonny Fitzpatrick,Pune,Madhya Pradesh,India,Franchise
daa1b708-a738-4474-8a03-ade9addebe18,Lecia Patrick,Kolkata,Uttar Pradesh,India,Online
562e254a-b3d9-4d49-a58e-24cf1fd6b6d7,Elene Baird,Gwalior,Karnataka,India,Flagship
1d63c5c7-9e11-4ccb-9e15-5a6fa95b6c2e,Verdie Craig,Noida,Uttar Pradesh,India,Online
eea0142b-c966-4380-8bd7-ca97d846ba7c,Joeann Donaldson,Nashik,Karnataka,India,Flagship
0aed7028-89ae-4718-a09c-45e06585e4b9,Shantae Mcdonald,Gwalior,West Bengal,India,Flagship
ca9bf11c-b01f-4cb7-9361-cde074e8fc8c,Carlo Waters,Mumbai,Rajasthan,India,Outlet
b4a103f8-cd7f-4c1b-b732-f3382239dff1,Seymour Ayala,Mumbai,Madhya Pradesh,India,Showroom
287fcb5d-e293-4660-805f-6a4a1aefe3f3,Ward Gross,Thane,Rajasthan,India,Department Store
eef5dbba-cea1-4f1e-abff-7edd26944db5,Otha Fuentes,Lucknow,West Bengal,India,Supermarket
f8ccfad4-9220-4d1c-bd58-d1eee78f9b4e,Shad Roman,Indore,Karnataka,India,Online
78dfb48d-5691-4570-bb3a-2b2dc74d70c8,Josiah Logan,Indore,Madhya Pradesh,India,Outlet
46c2f81a-639c-4758-b48c-3ea2f15fcf62,Bryce Austin,Gwalior,Mahrastra,India,Flagship
47c3fa7b-9bbb-4daa-81c7-b56c22632049,Genny Poole,Thane,West Bengal,India,Franchise
4481dd80-46d1-4904-b1cc-505ac81b3f6b,Mallie Jenkins,Bengaluru,Mahrastra,India,Warehouse
fd26f4b0-c4a5-47eb-9224-429cdb7f3f93,Thora Hatfield,Kanpur,Madhya Pradesh,India,Franchise
05b78be6-9391-4d32-9078-af1190e1af2c,Pete Mcconnell,Kanpur,Karnataka,India,Department Store
64a0b902-2d40-4b45-9268-f344d436e4bc,Virgil Dominguez,Lucknow,West Bengal,India,Supermarket
65323220-c5ba-46f8-a8e3-c846b87434c7,Greg Rush,Gwalior,Rajasthan,India,Hypermarket
b7feac3e-ecce-4f12-9128-081f4e31c334,Kenyetta Newman,Noida,Madhya Pradesh,India,Outlet
20e63ced-3982-44ea-9431-cfcd1d6d2cae,Carlee Reeves,Thane,Madhya Pradesh,India,Warehouse
8d87a4ef-e30b-4655-bffe-7889ffeca8bb,Lisabeth Tyson,Noida,Mahrastra,India,Department Store
2678492d-6ee3-4ab3-8d87-3bb979575fd9,Ronny Rivera,Kolkata,Mahrastra,India,Flagship
4019edf2-315f-4083-b445-e71799825303,Olin Holt,Thane,Rajasthan,India,Flagship
5180ae95-a127-44b7-8e8a-695bec8fc2cf,Leopoldo Flowers,Kanpur,Rajasthan,India,Hypermarket
48f516e6-5552-496b-8801-18d0d3cd06db,Demetrice Deleon,Thane,West Bengal,India,Department Store
47687898-eba6-46fc-a33a-478b78d582a5,Johnette Schroeder,Nashik,Mahrastra,India,Flagship
9a2081ea-436e-41b7-a55e-d2b8f2d7f09f,Boyd Donaldson,Gwalior,Mahrastra,India,Department Store
c182a25f-0368-4ef8-ab0f-ab0669518431,Amado Mitchell,Thane,West Bengal,India,Supermarket
83dc42aa-0899-4a96-8677-332cf759a449,Johnie Conner,Noida,West Bengal,India,Showroom
42435a2a-30a2-42cd-85b8-dc191e49b5a8,Avery Thomas,Lucknow,Madhya Pradesh,India,Hypermarket
b898c222-bcd1-4ff4-8b37-2119b6f5a9a7,Alica Hutchinson,Noida,Madhya Pradesh,India,Supermarket
f1a198ed-1b5d-4a75-a22e-b326d55aec5d,Elly Merrill,Kolkata,Rajasthan,India,Flagship
37fb89d5-e599-4131-aa60-5705344078ae,Blythe Cortez,Pune,Mahrastra,India,Franchise
e0b486af-cb31-4e44-bd7e-2af9f7881b7d,Conchita Perry,Mumbai,Karnataka,India,Franchise
3eaeb8ef-d612-4695-9e4a-39b2ea4b34cf,Dallas Rosario,Nashik,Karnataka,India,Online
897cba7b-9feb-43c8-b3a2-de927b315402,Lang Norton,Thane,Uttar Pradesh,India,Supermarket
cdec228a-31fa-40c9-ac22-40ad8ce7f096,Yer Williams,Lucknow,Mahrastra,India,Outlet
c458557e-7183-4562-b7f2-b447b6207540,Alexander Conner,Lucknow,Madhya Pradesh,India,Department Store
bf7bafb1-1c99-4318-95fa-0445a323a177,Jacquetta Johnston,Kolkata,Madhya Pradesh,India,Franchise
f3dc93a0-0eda-4cba-afb1-d865a2698302,Tracy Weeks,Indore,Mahrastra,India,Warehouse
cfd700df-dff3-43c2-9fee-fa2d7a39418e,Angelo Hendrix,Thane,Mahrastra,India,Franchise
3c7ae4f7-a99a-4fa9-8f48-618522b55ccf,Shizuko Delaney,Ajmer,Uttar Pradesh,India,Flagship
ee5cd37a-8152-4216-967f-772ef8414b32,Roberto Colon,Pune,Uttar Pradesh,India,Department Store
cc6570f2-41f8-4c5b-b9f7-9a8ffee0c0c6,Kip Wise,Lucknow,Madhya Pradesh,India,Supermarket
9f7d8e12-24b4-4d15-afa9-27c52139d568,Ryann Witt,Bengaluru,Mahrastra,India,Outlet
9a914dc9-958e-480d-bcc0-a8f4d87763a6,German Mathis,Kanpur,Mahrastra,India,Flagship
4160fc39-13f7-4c12-927e-c17fae06f3bf,Hildegarde Olsen,Indore,Karnataka,India,Warehouse
7b7b228d-fa44-4869-b240-586cf751065e,Jaime Conner,Pune,West Bengal,India,Showroom
f4073d15-b7fa-481f-960f-3ad497701ea0,Randy Mosley,Thane,Mahrastra,India,Outlet
0d193c79-c6c1-425a-8fc4-aead7594b370,Jon Cote,Pune,West Bengal,India,Franchise
a87e29be-959c-4cb5-827c-b9a13d292dfb,Sharleen Rivers,Noida,Karnataka,India,Flagship
87883fcf-2c7e-4f55-b844-392eda4a78ab,Elene Kerr,Bengaluru,Karnataka,India,Warehouse
53322440-fc9b-4346-af60-61245656c81b,Dexter Moran,Kanpur,West Bengal,India,Supermarket
f369ce1b-6d85-4ba0-bd51-04cc424a557c,Merilyn Lamb,Pune,Uttar Pradesh,India,Showroom
3231691a-a2ad-42ee-bbf6-69b385d89d79,Mario Gibson,Bengaluru,Mahrastra,India,Showroom
3ffc06b0-2596-41ad-a8a9-30da8796412d,Jame Young,Thane,Uttar Pradesh,India,Showroom
6aeeed30-52ec-414c-924f-0f871f11043b,Tommie Osborn,Bengaluru,Uttar Pradesh,India,Outlet
f760f733-eff2-4d7e-9dd3-d87c9cff94b0,Zachery Wiley,Nashik,West Bengal,India,Department Store
cecf5a60-e33f-4894-9a4e-962de6bb832b,Beau Petty,Kolkata,Uttar Pradesh,India,Flagship
a48061b5-4d85-4bf9-8a57-9a86e3485ae0,Joesph Knapp,Kolkata,Madhya Pradesh,India,Online
db87c8b1-8d85-4296-a13c-b4447ccec957,Fransisca Sheppard,Kolkata,Madhya Pradesh,India,Showroom
6ec7e9b4-c2db-4b0b-ab6c-1bfc329aea00,Leeanne Christian,Kolkata,Madhya Pradesh,India,Warehouse
a94c0799-be31-4525-8d7b-9ce8b9b782b6,Raphael Kelley,Gwalior,Karnataka,India,Outlet
0980fa4a-ef5d-46b6-8970-35937c9227d4,Hai Hyde,Thane,Karnataka,India,Supermarket
3a45808a-d23a-4b87-8810-6a115fd17e9c,Eliseo Hodges,Lucknow,Madhya Pradesh,India,Franchise
4b28eb45-045d-48a3-809c-51c12cb24332,Beula Raymond,Indore,West Bengal,India,Online
7dea7d92-7a54-4c39-8aa0-f4e64798073b,Hayden Wall,Noida,Madhya Pradesh,India,Hypermarket
5efdc1b9-9a31-4e64-a6f2-02fb78edbc5d,Kiersten Armstrong,Bengaluru,Mahrastra,India,Franchise
f942c7a5-e365-4dae-ab91-1f2dfc66c3d2,Adolph Wiggins,Pune,Uttar Pradesh,India,Warehouse
299e6502-b4f4-4984-a37e-7860e1e67721,Del Grimes,Ajmer,Madhya Pradesh,India,Outlet
9746aeed-02c6-47b9-83bc-478f7f5d94d2,Travis Rogers,Ajmer,Madhya Pradesh,India,Online
b909853f-b714-4a98-bd8a-8d499c352eb2,Arnoldo Gay,Ajmer,Rajasthan,India,Showroom
9280a59c-8561-4e92-8c38-f55baace024c,Wilber Barrera,Kanpur,Uttar Pradesh,India,Online
f18b8e56-e9c9-4945-ae20-0bae7f4288c2,Brenton Randall,Nashik,Mahrastra,India,Showroom
ac8c0c04-b9c8-4e56-8393-4ae0a0000033,Neomi Johnson,Nashik,Karnataka,India,Flagship
0a0a731f-0f02-4cc0-990d-117069c538bb,Agustin Bowman,Gwalior,Rajasthan,India,Online
6e5753de-01e2-4e99-8ea8-012834d94e43,Lacresha Mcknight,Kolkata,Mahrastra,India,Franchise
6df9e35b-41b3-4602-bfba-1282f3679554,Margeret Gamble,Indore,Karnataka,India,Franchise
7b37b0dd-4cab-4337-9b74-118f490b1328,Santiago Montgomery,Pune,Madhya Pradesh,India,Franchise
e5d9e9c7-e02e-455b-93eb-78faf80448f5,Mervin Wiley,Lucknow,West Bengal,India,Supermarket
1a50779c-c4ce-4a25-b51b-75a535852f16,Louie Ryan,Kolkata,Rajasthan,India,Supermarket
355d7c4b-aeec-4d1e-834c-065d5f34d247,Erik Salas,Noida,West Bengal,India,Warehouse
7fbba0b9-b350-444d-8400-364c89bfa828,Laci Clemons,Gwalior,Uttar Pradesh,India,Flagship
e3587e46-7e85-4dc2-ae34-336b09d11f1c,Blossom Willis,Ajmer,West Bengal,India,Flagship
0197d8e3-0922-41f0-8a62-85e217f31dd5,Carmelo Cook,Gwalior,West Bengal,India,Showroom
529a7849-047e-44f5-9ae8-0a6f9558a716,Lynna Sosa,Kanpur,Madhya Pradesh,India,Franchise
8063d40b-a61b-438a-8d78-f782f53f8cd8,Alfred Mcgowan,Nashik,West Bengal,India,Showroom
530cb8d7-3318-45a9-a45b-d5a6ae72f6b9,Marc Frazier,Gwalior,Mahrastra,India,Hypermarket
4aef5a27-05ea-4e85-be16-397722dfd4d6,Arnulfo Bird,Thane,Madhya Pradesh,India,Department Store
ac01458a-46fe-4034-9694-b58b5b59a881,Gail Shaffer,Pune,Uttar Pradesh,India,Hypermarket
4dc6f797-15a2-4043-9a0a-34d601d9de96,Louanne Townsend,Mumbai,Madhya Pradesh,India,Franchise
a9d76165-2a23-4a64-937e-603f0b5c972c,Newton Finley,Nashik,Mahrastra,India,Warehouse
98ac36b2-d1cc-4de8-8882-8bf9dc41bfb0,Manuel Mcmahon,Lucknow,Uttar Pradesh,India,Hypermarket
01f3fba6-6d6c-4294-9c54-f0c3f4cba2a2,Loren Sharpe,Thane,Madhya Pradesh,India,Outlet
097b86dd-8950-4c69-b990-4fa88cc13c0c,Khalilah Neal,Pune,Madhya Pradesh,India,Outlet
62d17e4d-c9a4-4fb5-993b-882a2350e184,Miesha Stanley,Nashik,West Bengal,India,Flagship
17b98929-1520-4d33-aef5-b44cee523677,Quinton Hines,Ajmer,Madhya Pradesh,India,Outlet
94899318-ab59-4648-8b5a-71ba0b451eed,Lanny Crane,Pune,Mahrastra,India,Franchise
ad6cab81-1880-4462-ae26-71f9b9b2f802,Season Guerrero,Nashik,Karnataka,India,Showroom
8e2125ab-0222-46c8-aafb-d5912c1af940,Tad Morrow,Bengaluru,Karnataka,India,Flagship
bc220d66-9b1d-4454-916f-00e5fccf26ee,Ronald Raymond,Lucknow,Rajasthan,India,Hypermarket
24d45c07-b84c-42e5-9d55-7e89c7602203,Herta Fuller,Gwalior,Uttar Pradesh,India,Online
28c09064-7188-494f-a3c5-65de0ead94da,Yong Bailey,Kanpur,Mahrastra,India,Flagship
68bb4dbb-cf09-40fb-a77d-3b4ac0ab6009,Tenesha Solis,Lucknow,West Bengal,India,Supermarket
62eb6919-5f4f-409b-b847-2268a7f93480,Masako Walls,Mumbai,Rajasthan,India,Showroom
6ab674e5-9a27-4cea-8030-fc17d7575e87,Jesse Bryan,Kolkata,Madhya Pradesh,India,Online
fe29cb5a-b1de-4123-9c5c-71aa94d5d145,Roger Meyers,Thane,West Bengal,India,Showroom
d81822d3-0df8-4097-87dc-74c1385c98f4,Emerald Cardenas,Bengaluru,Uttar Pradesh,India,Department Store
c7161c5f-77a2-46d6-ad50-cd2e3664db3a,Helaine Atkins,Ajmer,Karnataka,India,Hypermarket
9e3036c9-0492-4bd6-bd61-5d367a721ddb,Felix Zimmerman,Kolkata,West Bengal,India,Franchise
43a2642c-eff0-4cfd-9cbe-214e8f9e09ca,Fidel Beasley,Thane,Rajasthan,India,Hypermarket
d82b018f-423f-4f03-85f9-7f2193034077,Numbers Levy,Lucknow,Madhya Pradesh,India,Flagship
299d053d-9069-40c0-af66-e629b05b0d8a,Xavier Cox,Lucknow,West Bengal,India,Online
8e86d743-290b-4fc2-9553-c4799418fb17,Jonah Horn,Nashik,Rajasthan,India,Outlet
1949319c-c789-43f5-8a39-4d36f9d291c1,Cecila Leon,Gwalior,West Bengal,India,Outlet
d2668a39-fabf-4502-9109-1da336e5ea48,Mathew Bradford,Nashik,Madhya Pradesh,India,Department Store
e715a659-135f-422e-9363-eaead8a0ef1a,Max Stout,Lucknow,Madhya Pradesh,India,Warehouse
e9e95e73-f5b6-45b1-8ea8-20e7aba874d8,Manuel Franks,Kanpur,Karnataka,India,Online
968dfdd6-2592-471e-99cf-0c1a589367da,Dagmar Rhodes,Nashik,Mahrastra,India,Flagship
4e8f24ef-4fdd-4240-9293-598ee6cebe2a,Merrie Dickerson,Pune,West Bengal,India,Outlet
b9ef0f3d-d914-4733-9934-8d9d4fcd5ea3,Stewart Jacobson,Mumbai,Uttar Pradesh,India,Department Store
73226180-8908-4569-bb20-2eb0d8e2e282,Genesis Flynn,Thane,Mahrastra,India,Flagship
5a8cb3bd-a60c-40e9-8fd0-92f6a130f8e6,Chang Rosa,Bengaluru,Rajasthan,India,Online
c163b834-a059-44e9-9a28-f8fbf8f939e2,Roselle Gardner,Ajmer,Uttar Pradesh,India,Hypermarket
67b7c51c-26e3-4c61-b9ef-76589579a1bd,Launa Pugh,Pune,West Bengal,India,Supermarket
3cd437fc-329e-4ffc-a880-9289e376eb04,Jeromy Franks,Noida,Mahrastra,India,Flagship
f288b254-0a9d-4288-9875-0e967b656f8f,Elly Manning,Pune,Madhya Pradesh,India,Hypermarket
1eb259dc-514b-4797-a061-e9f2172a945f,Kena Evans,Nashik,Mahrastra,India,Outlet
eb4a2aac-710f-4603-9dd7-4fd400659295,Porsha Galloway,Lucknow,Madhya Pradesh,India,Online
3574baad-f8e7-4a0c-9e6d-bb7156c6ce8f,Lasandra Lindsay,Pune,Madhya Pradesh,India,Department Store
ddf7fe00-1f02-48c3-bc74-59c8cd652499,Micah Barnett,Bengaluru,West Bengal,India,Supermarket
4203d0db-5563-4d19-9261-3559e34eefc2,Cyrus Hicks,Bengaluru,Uttar Pradesh,India,Flagship
28fa1110-576d-4074-8a9a-88b0a12bd468,Glady Salas,Pune,West Bengal,India,Franchise
daa47b6c-925b-417c-9d80-e4495e894166,Marg William,Nashik,Mahrastra,India,Flagship
47baab85-4ff8-4e8e-8147-4055c47d9582,Ali Merrill,Kolkata,Karnataka,India,Online
93f678ee-5c19-48e2-b6cf-77b16f7d2843,Ralph Hendricks,Gwalior,Mahrastra,India,Showroom
58076d43-926c-4c1a-b205-0d72cd120cb4,Leonia Snider,Noida,West Bengal,India,Warehouse
7dcf4123-7a41-43e8-a890-b6a24194453e,Kristel Figueroa,Kanpur,Madhya Pradesh,India,Showroom
ec7dd0ae-70b1-4f6c-bf22-b78951a8087b,Mora Osborne,Kolkata,Uttar Pradesh,India,Supermarket
a61f9b5a-075e-4d5f-80e1-a6b5faa0ff9f,Lourie Case,Indore,West Bengal,India,Department Store
7e1ed00a-68b5-4f76-a795-07b8b1da75ed,Loura Foley,Thane,Uttar Pradesh,India,Showroom
46128869-9fe8-4c6f-b67f-10ffaab43806,Lester Kane,Ajmer,Karnataka,India,Outlet
6316dede-97c5-412b-bc78-c72d31546cda,Darrin Wise,Lucknow,Uttar Pradesh,India,Hypermarket
ac113455-a67e-4a44-a780-f7abb4aa8e5d,Bruno Landry,Gwalior,Mahrastra,India,Outlet
37170347-7d49-4d17-9df6-2ab18a176bf2,Jerrell Harvey,Indore,Madhya Pradesh,India,Supermarket
6f2708db-3910-43e0-971b-81f0a1cb252b,Merlin Jefferson,Mumbai,West Bengal,India,Warehouse
33105fb7-ed77-4624-a8e7-5ca9543f394d,Mark Romero,Lucknow,West Bengal,India,Hypermarket
ced133f9-c519-4899-bc39-6545ab859c58,Leo Ball,Kanpur,Karnataka,India,Franchise
9fb47f14-ee58-485b-9df0-de22c952da35,Tyson Miranda,Noida,West Bengal,India,Hypermarket
4bf10e41-fddf-435f-bd1a-f035c3674db0,Angeles Booker,Lucknow,West Bengal,India,Warehouse
38b3c469-1689-4396-9441-9eadb75a10fd,Krishna Slater,Nashik,West Bengal,India,Supermarket
cb495d1c-cade-4eb4-8606-a5dd689b6638,Dalton Mclean,Kolkata,Madhya Pradesh,India,Hypermarket
ac4da4bc-c919-4446-84c7-c0a9664db40b,Vinita Hunt,Lucknow,Rajasthan,India,Showroom
da911cf6-bb7f-4923-a2b3-47216d3110fe,Errol Dunn,Pune,Uttar Pradesh,India,Supermarket
e17a0da6-89d4-40d5-bf7c-82757e9f1147,Dyan Mcfarland,Lucknow,Madhya Pradesh,India,Franchise
2d5d0074-542c-48c6-9e6c-babdf671c15a,Vern Mcmahon,Kolkata,West Bengal,India,Warehouse
a250893f-1a89-4480-8f3d-c0c91c2f81ff,Ismael Mcdonald,Gwalior,Uttar Pradesh,India,Warehouse
b051ca8c-00b0-4a96-924b-15eb4cd7df30,Tijuana Kramer,Thane,Mahrastra,India,Supermarket
aafdfd8e-62c6-4f9d-8d94-695cf6998008,Damian Dorsey,Indore,West Bengal,India,Hypermarket
e6e96f4e-6ff3-4a4c-9203-6b32917bc8f4,Ngan Lee,Gwalior,Rajasthan,India,Department Store
08b7bd8d-0774-4eff-a661-860f25bf6770,Shanti Herman,Thane,West Bengal,India,Franchise
d68ed1f0-8aaa-4a08-b2dc-f81f630bed10,Foster Mcpherson,Bengaluru,West Bengal,India,Outlet
6e51387b-d652-4e9e-8a2e-edcc15ce0aae,Barbera Rivas,Thane,Rajasthan,India,Online
d44a7d23-6473-40df-8592-b218d3191c56,Russel Soto,Lucknow,Mahrastra,India,Supermarket
83478436-302b-4bad-90ce-34b42e98299d,Grayce Colon,Mumbai,Mahrastra,India,Supermarket
91400f4b-b340-4336-afa4-a308a1fcf178,Otto Richmond,Mumbai,Madhya Pradesh,India,Supermarket
d62c6813-e88f-4961-b5e8-a56059f3c35d,Simonne Hopkins,Mumbai,Madhya Pradesh,India,Department Store
7b1a7294-54b6-4911-8ad1-098df5e11511,Lanie Slater,Kolkata,Madhya Pradesh,India,Showroom
f3263d53-ce4d-45da-8742-bccc6bafa120,Jim Alford,Kanpur,West Bengal,India,Hypermarket
5a5cc0b4-d150-4bd6-95ea-f3b977800046,Rudolf Francis,Mumbai,Rajasthan,India,Franchise
acdbfc1a-dc89-455a-aaaf-d42ef45056a0,Shirley Wooten,Lucknow,Karnataka,India,Franchise
61805b3b-5d75-4e4c-9dc5-93133b62cf33,Tad Lambert,Ajmer,Mahrastra,India,Online
98befb69-f9c4-4fa8-b5cf-e08773ad86c8,Hyman Newman,Ajmer,Rajasthan,India,Hypermarket
a1df7525-0944-4cec-9daa-e7f613e17871,Jamar Mcleod,Indore,Madhya Pradesh,India,Flagship
57bbcf32-9aaf-499e-95c9-a3f0659eeb2b,Janyce Quinn,Indore,West Bengal,India,Showroom
2563272b-7dc1-41de-b872-e0fb0139954b,Anibal Goodman,Lucknow,Rajasthan,India,Department Store
3369c3e0-88ca-4c8f-b177-c8c3bf4114b0,Arla O'brien,Indore,West Bengal,India,Department Store
070438fc-f8c4-471b-bef9-36f9387d7b03,Quinn Glover,Noida,Karnataka,India,Showroom
3fb6d8a3-ce1e-435c-92fb-151d3bf5cb09,Stefan Harvey,Mumbai,Rajasthan,India,Warehouse
089fa551-763b-4b89-b3d2-0aa58bf64486,Deon Lambert,Bengaluru,Rajasthan,India,Warehouse
39cdd3c5-6f4c-4608-871f-cb6b38e63e9d,Lang Walsh,Nashik,Uttar Pradesh,India,Supermarket
8cc0f2a1-5220-42e0-a606-9c674ed7eca8,Rosena Kramer,Ajmer,Mahrastra,India,Warehouse
302dbd78-8abe-4136-9511-68fca8995285,David Guerrero,Lucknow,Karnataka,India,Hypermarket
